file	obj	time	gap	objs	times	gaps	iters
../output/wireless-3-1200/sdrdp_wireless_100_0.05_0.txt.out	140	0.018588	0.0	[141.0, 140.0]	[0.013166, 0.014587]	[2.048857, 0.714286]	[25, 35]
../output/wireless-3-1200/sdrdp_wireless_100_0.05_1.txt.out	135	0.017764	0.0	[136.0]	[0.015542]	[1.286765]	[16]
../output/wireless-3-1200/sdrdp_wireless_100_0.05_2.txt.out	133	0.016286	0.0	[134.0]	[0.014385]	[1.30597]	[11]
../output/wireless-3-1200/sdrdp_wireless_100_0.05_3.txt.out	126	0.016754	0.0	[127.0]	[0.015803]	[0.787402]	[27]
../output/wireless-3-1200/sdrdp_wireless_100_0.05_4.txt.out	134	0.013123	0.0	[]	[]	[]	[]
../output/wireless-3-1200/sdrdp_wireless_100_0.05_5.txt.out	125	0.018651	0.0	[]	[]	[]	[]
../output/wireless-3-1200/sdrdp_wireless_100_0.05_6.txt.out	127	0.018217	0.0	[129.0]	[0.014695]	[2.325581]	[22]
../output/wireless-3-1200/sdrdp_wireless_100_0.05_7.txt.out	134	0.016603	0.0	[135.0]	[0.015481]	[0.987654]	[14]
../output/wireless-3-1200/sdrdp_wireless_100_0.05_8.txt.out	125	0.018099	0.0	[]	[]	[]	[]
../output/wireless-3-1200/sdrdp_wireless_100_0.05_9.txt.out	120	0.019049	0.0	[121.0, 120.0]	[0.018563, 0.018779]	[1.652893, 0.833333]	[20, 22]
../output/wireless-3-1200/sdrdp_wireless_100_0.15_0.txt.out	18	0.423633	0.0	[24.0, 21.0, 19.0, 18.0]	[0.020779, 0.174247, 0.319386, 0.414739]	[41.666667, 22.399994, 12.792666, 6.234383]	[241, 1497, 3564, 5856]
../output/wireless-3-1200/sdrdp_wireless_100_0.15_1.txt.out	26	0.653177	0.0	[39.0, 33.0, 30.0, 28.0, 27.0, 26.0]	[0.023428, 0.0675, 0.134469, 0.233574, 0.44461, 0.640341]	[45.192308, 31.313131, 21.853888, 14.504788, 8.839506, 3.846154]	[252, 556, 1063, 1383, 8670, 15771]
../output/wireless-3-1200/sdrdp_wireless_100_0.15_2.txt.out	23	0.408509	0.0	[31.0, 27.0, 25.0]	[0.02236, 0.13815, 0.385906]	[42.741935, 22.878595, 10.952258]	[292, 1120, 2361]
../output/wireless-3-1200/sdrdp_wireless_100_0.15_3.txt.out	14	0.505164	0.0	[20.0, 16.0, 15.0, 14.0]	[0.021127, 0.080877, 0.417205, 0.504912]	[50.0, 30.116422, 13.676928, 0.0]	[262, 879, 2366, 4742]
../output/wireless-3-1200/sdrdp_wireless_100_0.15_4.txt.out	15	0.286391	0.0	[27.0, 20.0, 18.0, 17.0, 16.0, 15.0]	[0.019927, 0.035533, 0.103882, 0.235567, 0.278919, 0.286147]	[55.555556, 36.0, 20.949558, 13.887455, 8.122363, 0.0]	[266, 372, 950, 1442, 2724, 2819]
../output/wireless-3-1200/sdrdp_wireless_100_0.15_5.txt.out	18	1.13965	0.0	[27.0, 22.0, 18.0]	[0.030572, 0.155925, 0.620604]	[50.925926, 31.228703, 10.377624]	[367, 1232, 3387]
../output/wireless-3-1200/sdrdp_wireless_100_0.15_6.txt.out	17	1.38943	0.0	[26.0, 25.0, 18.0, 17.0]	[0.023603, 0.088521, 0.270714, 1.319468]	[58.653846, 48.128, 20.713012, 6.894305]	[254, 847, 2051, 19127]
../output/wireless-3-1200/sdrdp_wireless_100_0.15_7.txt.out	17	1.92981	0.0	[31.0, 22.0, 19.0, 18.0, 17.0]	[0.023857, 0.046983, 0.452294, 0.877618, 1.929561]	[59.677419, 41.635477, 19.044942, 12.551787, 0.0]	[309, 442, 2536, 14173, 45137]
../output/wireless-3-1200/sdrdp_wireless_100_0.15_8.txt.out	17	0.768429	0.0	[25.0, 19.0, 17.0]	[0.029013, 0.041713, 0.110846]	[48.0, 31.578947, 17.647059]	[215, 322, 802]
../output/wireless-3-1200/sdrdp_wireless_100_0.15_9.txt.out	17	0.554844	0.0	[26.0, 22.0, 19.0, 18.0, 17.0]	[0.020721, 0.079868, 0.234383, 0.403128, 0.554514]	[55.769231, 40.126234, 18.160478, 10.066482, 0.0]	[241, 732, 1809, 2706, 3352]
../output/wireless-3-1200/sdrdp_wireless_100_0.1_0.txt.out	50	0.037992	0.0	[50.0]	[0.030441]	[5.5]	[89]
../output/wireless-3-1200/sdrdp_wireless_100_0.1_1.txt.out	54	0.057835	0.0	[55.0, 54.0]	[0.02799, 0.056824]	[7.727273, 1.851852]	[87, 217]
../output/wireless-3-1200/sdrdp_wireless_100_0.1_2.txt.out	54	0.028283	0.0	[]	[]	[]	[]
../output/wireless-3-1200/sdrdp_wireless_100_0.1_3.txt.out	49	0.061927	0.0	[52.0, 49.0]	[0.029142, 0.031803]	[13.461538, 6.462585]	[81, 142]
../output/wireless-3-1200/sdrdp_wireless_100_0.1_4.txt.out	57	0.053879	0.0	[60.0, 59.0, 57.0]	[0.040201, 0.042631, 0.044623]	[10.0, 7.485876, 3.508772]	[79, 117, 132]
../output/wireless-3-1200/sdrdp_wireless_100_0.1_5.txt.out	42	0.098056	0.0	[45.0, 43.0, 42.0]	[0.025731, 0.048221, 0.097856]	[15.555556, 4.505814, 0.0]	[106, 466, 1157]
../output/wireless-3-1200/sdrdp_wireless_100_0.1_6.txt.out	56	0.167485	0.0	[62.0, 58.0, 57.0, 56.0]	[0.023807, 0.035991, 0.061235, 0.073223]	[20.967742, 13.1637, 6.404313, 4.132653]	[207, 280, 465, 536]
../output/wireless-3-1200/sdrdp_wireless_100_0.1_7.txt.out	47	0.060856	0.0	[49.0, 47.0]	[0.029217, 0.036023]	[11.22449, 4.159246]	[61, 136]
../output/wireless-3-1200/sdrdp_wireless_100_0.1_8.txt.out	51	0.023823	0.0	[]	[]	[]	[]
../output/wireless-3-1200/sdrdp_wireless_100_0.1_9.txt.out	53	0.088139	0.0	[54.0, 53.0]	[0.039199, 0.085753]	[11.574074, 1.926101]	[143, 637]
../output/wireless-3-1200/sdrdp_wireless_100_0.2_0.txt.out	8	1.62762	0.0	[18.0, 14.0, 11.0, 9.0, 8.0]	[0.025222, 0.064448, 0.148893, 1.11508, 1.627223]	[66.666667, 56.349206, 44.444444, 20.578387, 0.0]	[268, 529, 726, 11285, 20798]
../output/wireless-3-1200/sdrdp_wireless_100_0.2_1.txt.out	8	0.288946	0.0	[14.0, 9.0, 8.0]	[0.030154, 0.07808, 0.28866]	[52.380952, 19.444444, 0.0]	[324, 567, 3994]
../output/wireless-3-1200/sdrdp_wireless_100_0.2_2.txt.out	7	3.49815	0.0	[14.0, 9.0, 8.0, 7.0]	[0.034328, 0.149094, 0.344413, 0.392914]	[75.0, 50.315768, 40.462349, 31.572178]	[340, 783, 1302, 2378]
../output/wireless-3-1200/sdrdp_wireless_100_0.2_3.txt.out	5	0.383078	0.0	[14.0, 9.0, 8.0, 7.0, 6.0, 5.0]	[0.028925, 0.071676, 0.1674, 0.192989, 0.309217, 0.382823]	[64.285714, 44.444444, 37.5, 28.571429, 16.666667, 0.0]	[259, 484, 653, 1373, 3653, 6011]
../output/wireless-3-1200/sdrdp_wireless_100_0.2_4.txt.out	6	2.6259	0.0	[13.0, 11.0, 10.0, 8.0, 7.0, 6.0]	[0.025482, 0.045433, 0.192212, 0.205903, 0.331613, 2.625623]	[75.0, 67.532468, 55.018433, 38.692314, 29.572471, 0.0]	[309, 395, 1093, 1361, 3137, 44495]
../output/wireless-3-1200/sdrdp_wireless_100_0.2_5.txt.out	9	2.10534	0.0	[16.0, 14.0, 12.0, 11.0, 10.0, 9.0]	[0.024467, 0.1171, 0.177248, 0.226826, 0.359829, 2.105045]	[56.25, 50.0, 41.666667, 36.363636, 30.0, 0.0]	[255, 494, 2007, 3126, 6742, 22776]
../output/wireless-3-1200/sdrdp_wireless_100_0.2_6.txt.out	5	0.932003	0.0	[13.0, 8.0, 6.0, 5.0]	[0.026427, 0.072394, 0.375608, 0.487262]	[76.923077, 62.5, 40.424114, 26.825511]	[281, 411, 3070, 5442]
../output/wireless-3-1200/sdrdp_wireless_100_0.2_7.txt.out	6	0.250787	0.0	[13.0, 9.0, 8.0]	[0.027903, 0.080403, 0.137847]	[69.230769, 44.444444, 35.690719]	[281, 672, 1310]
../output/wireless-3-1200/sdrdp_wireless_100_0.2_8.txt.out	8	5.48401	0.0	[19.0, 14.0, 12.0, 11.0, 10.0, 9.0, 8.0]	[0.027027, 0.05275, 0.110795, 0.341363, 0.348298, 0.466397, 5.483693]	[75.614035, 65.988877, 53.318745, 44.746043, 39.220648, 31.657626, 0.0]	[274, 352, 717, 3076, 3196, 5984, 102997]
../output/wireless-3-1200/sdrdp_wireless_100_0.2_9.txt.out	8	0.155061	0.0	[11.0, 8.0]	[0.026593, 0.13091]	[46.212121, 15.625]	[277, 585]
../output/wireless-3-1200/sdrdp_wireless_200_0.05_0.txt.out	172	0.035901	0.0	[172.0]	[0.034916]	[0.581395]	[29]
../output/wireless-3-1200/sdrdp_wireless_200_0.05_1.txt.out	175	0.045023	0.0	[175.0]	[0.043001]	[0.571429]	[16]
../output/wireless-3-1200/sdrdp_wireless_200_0.05_2.txt.out	216	0.042988	0.0	[216.0]	[0.039405]	[0.925926]	[40]
../output/wireless-3-1200/sdrdp_wireless_200_0.05_3.txt.out	177	0.046782	0.0	[178.0, 177.0]	[0.043454, 0.046254]	[1.123596, 0.564972]	[44, 44]
../output/wireless-3-1200/sdrdp_wireless_200_0.05_4.txt.out	189	0.042088	0.0	[191.0]	[0.039914]	[1.308901]	[36]
../output/wireless-3-1200/sdrdp_wireless_200_0.05_5.txt.out	189	0.035512	0.0	[189.0]	[0.035126]	[0.661376]	[19]
../output/wireless-3-1200/sdrdp_wireless_200_0.05_6.txt.out	173	0.034655	0.0	[174.0]	[0.033639]	[0.862069]	[21]
../output/wireless-3-1200/sdrdp_wireless_200_0.05_7.txt.out	188	0.042905	0.0	[189.0, 188.0]	[0.038801, 0.041028]	[1.455026, 0.531915]	[21, 52]
../output/wireless-3-1200/sdrdp_wireless_200_0.05_8.txt.out	181	0.041203	0.0	[181.0]	[0.039382]	[1.104972]	[26]
../output/wireless-3-1200/sdrdp_wireless_200_0.05_9.txt.out	168	0.047831	0.0	[168.0]	[0.04682]	[0.595238]	[30]
../output/wireless-3-1200/sdrdp_wireless_200_0.15_0.txt.out	15	160.011	0.0	[32.0, 23.0, 20.0, 17.0, 16.0, 15.0]	[0.066913, 0.571682, 0.608882, 0.846183, 16.962195, 57.948856]	[71.281954, 49.963024, 42.457477, 32.301373, 21.919343, 13.310191]	[677, 2023, 2023, 2078, 191058, 710558]
../output/wireless-3-1200/sdrdp_wireless_200_0.15_1.txt.out	11	65.8706	0.0	[28.0, 22.0, 18.0, 17.0, 16.0, 14.0, 13.0, 12.0, 11.0]	[0.060015, 0.251988, 0.550976, 0.984645, 4.553436, 9.393537, 12.085044, 14.109891, 35.542389]	[74.12892, 64.457438, 54.528727, 51.138341, 46.344871, 36.805351, 30.769231, 24.489046, 14.856059]	[599, 1268, 2164, 2930, 31495, 73450, 103775, 128127, 331121]
../output/wireless-3-1200/sdrdp_wireless_200_0.15_2.txt.out	8	7.533	0.0	[22.0, 18.0, 13.0, 10.0, 9.0, 8.0]	[0.073362, 0.310826, 0.346501, 0.976079, 6.334514, 7.532414]	[79.545455, 68.91268, 56.492972, 37.208593, 20.482521, 0.0]	[676, 2047, 2170, 3944, 56395, 70652]
../output/wireless-3-1200/sdrdp_wireless_200_0.15_3.txt.out	12	164.667	0.0	[22.0, 18.0, 17.0, 16.0, 15.0, 13.0, 12.0]	[0.064781, 0.593553, 1.036204, 4.526503, 12.195285, 12.353368, 129.852629]	[65.23845, 50.094493, 46.664051, 42.639857, 36.153373, 26.317635, 13.282739]	[669, 2038, 2383, 27718, 103493, 105696, 1247400]
../output/wireless-3-1200/sdrdp_wireless_200_0.15_4.txt.out	11	1200.2	14.852199999999998	[24.0, 23.0, 19.0, 15.0, 13.0, 12.0, 11.0]	[0.06108, 0.475987, 1.019509, 1.816915, 2.38084, 23.751147, 45.451862]	[75.139365, 68.198239, 60.74365, 50.189987, 42.514047, 32.326478, 25.161228]	[587, 1894, 2758, 12353, 16345, 214070, 383223]
../output/wireless-3-1200/sdrdp_wireless_200_0.15_5.txt.out	10	83.2926	0.0	[22.0, 18.0, 15.0, 13.0, 12.0, 11.0, 10.0]	[0.054576, 0.634804, 1.169386, 1.200604, 9.173696, 66.243086, 83.291187]	[67.575758, 54.935663, 45.296546, 36.88063, 26.206482, 14.554213, 0.0]	[494, 1682, 7749, 8349, 75021, 861017, 1096907]
../output/wireless-3-1200/sdrdp_wireless_200_0.15_6.txt.out	10	974.041	0.0	[28.0, 16.0, 13.0, 12.0, 11.0, 10.0]	[0.064953, 0.137574, 0.506247, 1.242387, 32.010852, 38.024438]	[80.906611, 65.017273, 50.374599, 45.483045, 31.919265, 24.52721]	[682, 781, 1951, 10038, 440090, 516678]
../output/wireless-3-1200/sdrdp_wireless_200_0.15_7.txt.out	10	5.59239	0.0	[29.0, 19.0, 14.0, 11.0, 10.0]	[0.065936, 0.242436, 0.39088, 0.661001, 4.794375]	[76.293103, 60.047728, 43.624161, 26.615899, 12.831469]	[600, 1337, 2008, 2822, 35268]
../output/wireless-3-1200/sdrdp_wireless_200_0.15_8.txt.out	14	82.7786	0.0	[31.0, 27.0, 21.0, 20.0, 18.0, 17.0, 15.0, 14.0]	[0.059536, 0.455932, 0.650645, 4.87159, 6.896624, 6.940872, 7.320348, 82.004066]	[71.423562, 59.766832, 48.137361, 41.40191, 34.141291, 30.267249, 20.404132, 7.686783]	[601, 1959, 2104, 25298, 36789, 37121, 39835, 750919]
../output/wireless-3-1200/sdrdp_wireless_200_0.15_9.txt.out	11	12.0692	0.0	[26.0, 21.0, 17.0, 16.0, 15.0, 14.0, 13.0, 12.0, 11.0]	[0.073303, 0.39429, 1.366721, 1.956774, 2.341793, 8.83647, 8.985028, 9.704545, 12.067316]	[73.076923, 57.943326, 42.444073, 38.111608, 33.92563, 26.104576, 20.303938, 12.981891, 0.0]	[615, 2227, 5352, 12428, 16469, 53613, 54951, 61513, 83082]
../output/wireless-3-1200/sdrdp_wireless_200_0.1_0.txt.out	36	32.2637	0.0	[59.0, 50.0, 47.0, 39.0, 38.0, 37.0, 36.0]	[0.047641, 0.264697, 0.372287, 0.476656, 0.716763, 1.004346, 1.750153]	[59.745763, 40.483748, 35.408514, 21.210218, 18.196678, 15.698164, 13.298496]	[679, 2129, 2601, 3121, 4031, 4418, 15960]
../output/wireless-3-1200/sdrdp_wireless_200_0.1_1.txt.out	41	18.2553	0.0	[62.0, 50.0, 46.0, 44.0, 42.0, 41.0]	[0.04904, 0.141888, 1.048806, 1.189959, 1.421742, 5.047651]	[53.326613, 35.591837, 19.527765, 15.852101, 11.246531, 7.243652]	[644, 1081, 8068, 9477, 11064, 41208]
../output/wireless-3-1200/sdrdp_wireless_200_0.1_2.txt.out	42	5.81849	0.0	[54.0, 46.0, 45.0, 44.0, 43.0, 42.0]	[0.054456, 0.345975, 0.746986, 0.959662, 3.725125, 5.67253]	[38.888889, 17.016929, 14.412073, 11.848731, 7.293195, 3.089497]	[464, 2146, 5126, 8043, 21348, 48838]
../output/wireless-3-1200/sdrdp_wireless_200_0.1_3.txt.out	43	8.40081	0.0	[66.0, 50.0, 49.0, 48.0, 46.0, 45.0, 44.0, 43.0]	[0.048387, 0.156913, 0.33306, 1.236926, 1.963337, 2.22782, 7.684383, 8.086987]	[53.030303, 32.15071, 23.125664, 16.738907, 12.806715, 10.822574, 5.668025, 3.008147]	[648, 1370, 2821, 6969, 16785, 19433, 50690, 56329]
../output/wireless-3-1200/sdrdp_wireless_200_0.1_4.txt.out	45	29.1233	0.0	[56.0, 53.0, 47.0, 46.0, 45.0]	[0.058658, 0.846361, 1.016765, 1.020146, 29.122391]	[42.410714, 21.496111, 11.427891, 9.502411, 0.0]	[621, 4276, 6632, 6665, 447088]
../output/wireless-3-1200/sdrdp_wireless_200_0.1_5.txt.out	42	46.3621	0.0	[61.0, 58.0, 52.0, 47.0, 44.0, 43.0, 42.0]	[0.042271, 0.306877, 0.365761, 0.930834, 1.321858, 1.418176, 7.230482]	[55.874317, 40.722128, 32.879424, 16.817126, 10.974564, 8.894368, 5.091551]	[633, 2553, 2941, 5693, 13156, 14488, 72618]
../output/wireless-3-1200/sdrdp_wireless_200_0.1_6.txt.out	39	4.48171	0.0	[50.0, 48.0, 47.0, 44.0, 42.0, 41.0, 40.0, 39.0]	[0.041193, 0.393185, 0.799778, 0.873932, 0.95092, 1.06958, 1.226604, 4.480127]	[39.75, 23.550449, 20.044068, 14.497151, 10.425587, 8.14302, 5.5073, 0.0]	[567, 2775, 4173, 5194, 6751, 8443, 11460, 79634]
../output/wireless-3-1200/sdrdp_wireless_200_0.1_7.txt.out	34	1.48498	0.0	[49.0, 42.0, 38.0, 34.0]	[0.050733, 0.163099, 0.333181, 0.364244]	[50.437318, 32.469444, 18.652566, 8.697237]	[649, 1332, 2568, 2778]
../output/wireless-3-1200/sdrdp_wireless_200_0.1_8.txt.out	44	21.369	0.0	[59.0, 56.0, 50.0, 48.0, 47.0, 46.0, 45.0, 44.0]	[0.04047, 0.329193, 1.370334, 1.656776, 2.092711, 2.413328, 10.599546, 19.190017]	[46.640436, 33.083258, 19.991443, 16.657704, 14.681565, 12.754399, 6.739662, 3.323405]	[531, 2316, 8158, 12031, 20012, 24234, 83758, 173226]
../output/wireless-3-1200/sdrdp_wireless_200_0.1_9.txt.out	49	17.8379	0.0	[65.0, 61.0, 52.0, 51.0, 50.0, 49.0]	[0.051537, 0.360449, 0.809379, 0.827965, 1.517613, 13.358357]	[48.14628, 31.238957, 14.982707, 13.315701, 9.29822, 4.007899]	[656, 2716, 4966, 4966, 7536, 153382]
../output/wireless-3-1200/sdrdp_wireless_200_0.2_0.txt.out	2	116.97	0.0	[19.0, 12.0, 8.0, 4.0, 3.0, 2.0]	[0.087828, 0.169349, 0.598903, 0.90374, 11.504489, 94.774201]	[106.273595, 108.894541, 107.416443, 114.719603, 96.401867, 66.862991]	[600, 703, 1729, 1770, 69982, 818935]
../output/wireless-3-1200/sdrdp_wireless_200_0.2_1.txt.out	1	11.0451	0.0	[12.0, 8.0, 6.0, 3.0, 2.0, 1.0]	[0.091972, 0.257315, 0.333781, 0.772397, 3.006057, 5.503223]	[116.166667, 112.5, 116.666667, 133.333333, 150.0, 179.226361]	[756, 1265, 1362, 1540, 27025, 33749]
../output/wireless-3-1200/sdrdp_wireless_200_0.2_2.txt.out	2	1180.76	0.0	[12.0, 9.0, 7.0, 6.0, 5.0, 4.0, 3.0, 2.0]	[0.079877, 0.717288, 1.126596, 5.350033, 12.434646, 12.966989, 20.360453, 1180.7577]	[107.633588, 101.117531, 98.956526, 96.926591, 93.286191, 91.56271, 84.486958, 0.0]	[558, 1759, 2383, 24280, 83804, 86259, 160970, 11610487]
../output/wireless-3-1200/sdrdp_wireless_200_0.2_3.txt.out	-1	122.086	0.0	[10.0, 8.0, 6.0, 5.0, 3.0, 2.0, 1.0, 0.0, -1.0]	[0.084917, 0.348167, 0.573181, 1.082365, 1.117439, 1.398777, 2.056384, 17.850463, 117.661652]	[138.333333, 137.5, 150.0, 160.0, 200.0, 250.0, 400.0, 2629661751951.4604, 111.362728]	[593, 1267, 1267, 6178, 6674, 9241, 14753, 188826, 1349207]
../output/wireless-3-1200/sdrdp_wireless_200_0.2_4.txt.out	2	189.657	0.0	[13.0, 7.0, 4.0, 3.0, 2.0]	[0.086374, 0.414886, 0.728635, 2.599946, 189.654997]	[92.307692, 85.714286, 75.0, 66.666667, 0.0]	[548, 1111, 1310, 28883, 1973978]
../output/wireless-3-1200/sdrdp_wireless_200_0.2_5.txt.out	1	50.7246	0.0	[19.0, 6.0, 3.0, 2.0, 1.0]	[0.130962, 0.268779, 0.697914, 2.34191, 6.093793]	[102.631579, 108.333333, 100.0, 100.0, 100.0]	[996, 1134, 1603, 23964, 66660]
../output/wireless-3-1200/sdrdp_wireless_200_0.2_6.txt.out	3	64.0106	0.0	[12.0, 9.0, 7.0, 5.0, 4.0, 3.0]	[0.082167, 0.356418, 0.73915, 1.213483, 12.019628, 30.552323]	[99.092409, 92.906952, 89.979096, 83.164857, 66.111243, 43.9519]	[564, 1220, 1738, 7113, 109382, 327264]
../output/wireless-3-1200/sdrdp_wireless_200_0.2_7.txt.out	2	212.506	0.0	[11.0, 3.0, 2.0]	[0.074683, 0.649625, 32.925416]	[108.997509, 121.888151, 86.891964]	[527, 971, 419037]
../output/wireless-3-1200/sdrdp_wireless_200_0.2_8.txt.out	4	224.11	0.0	[17.0, 10.0, 7.0, 6.0, 5.0, 4.0]	[0.084442, 0.195812, 0.531001, 1.010784, 1.315677, 8.710296]	[93.004942, 85.536637, 78.125, 74.249249, 67.582418, 47.856406]	[639, 779, 1254, 6121, 9661, 52237]
../output/wireless-3-1200/sdrdp_wireless_200_0.2_9.txt.out	2	7.83684	0.0	[17.0, 8.0, 4.0, 3.0, 2.0]	[0.086978, 0.272587, 0.69883, 3.051923, 7.834585]	[88.235294, 75.0, 50.0, 33.333333, 0.0]	[546, 700, 1179, 33672, 77142]
../output/wireless-3-1200/sdrdp_wireless_20_0.05_0.txt.out	38	0.002859	0.0	[]	[]	[]	[]
../output/wireless-3-1200/sdrdp_wireless_20_0.05_1.txt.out	36	0.008166	0.0	[]	[]	[]	[]
../output/wireless-3-1200/sdrdp_wireless_20_0.05_2.txt.out	36	0.004557	0.0	[]	[]	[]	[]
../output/wireless-3-1200/sdrdp_wireless_20_0.05_3.txt.out	34	0.005453	0.0	[]	[]	[]	[]
../output/wireless-3-1200/sdrdp_wireless_20_0.05_4.txt.out	38	0.002974	0.0	[]	[]	[]	[]
../output/wireless-3-1200/sdrdp_wireless_20_0.05_5.txt.out	34	0.004572	0.0	[]	[]	[]	[]
../output/wireless-3-1200/sdrdp_wireless_20_0.05_6.txt.out	38	0.002946	0.0	[]	[]	[]	[]
../output/wireless-3-1200/sdrdp_wireless_20_0.05_7.txt.out	34	0.004711	0.0	[]	[]	[]	[]
../output/wireless-3-1200/sdrdp_wireless_20_0.05_8.txt.out	40	0.001901	0.0	[]	[]	[]	[]
../output/wireless-3-1200/sdrdp_wireless_20_0.05_9.txt.out	38	0.00251	0.0	[]	[]	[]	[]
../output/wireless-3-1200/sdrdp_wireless_20_0.15_0.txt.out	22	0.006358	0.0	[]	[]	[]	[]
../output/wireless-3-1200/sdrdp_wireless_20_0.15_1.txt.out	19	0.011399	0.0	[]	[]	[]	[]
../output/wireless-3-1200/sdrdp_wireless_20_0.15_2.txt.out	22	0.008278	0.0	[22.0]	[0.005153]	[4.545455]	[11]
../output/wireless-3-1200/sdrdp_wireless_20_0.15_3.txt.out	16	0.009419	0.0	[17.0]	[0.007997]	[10.294118]	[21]
../output/wireless-3-1200/sdrdp_wireless_20_0.15_4.txt.out	16	0.008503	0.0	[]	[]	[]	[]
../output/wireless-3-1200/sdrdp_wireless_20_0.15_5.txt.out	22	0.007042	0.0	[23.0]	[0.005955]	[5.797101]	[14]
../output/wireless-3-1200/sdrdp_wireless_20_0.15_6.txt.out	20	0.011966	0.0	[21.0]	[0.010737]	[6.349206]	[14]
../output/wireless-3-1200/sdrdp_wireless_20_0.15_7.txt.out	17	0.008082	0.0	[]	[]	[]	[]
../output/wireless-3-1200/sdrdp_wireless_20_0.15_8.txt.out	24	0.008399	0.0	[25.0]	[0.006158]	[7.111111]	[25]
../output/wireless-3-1200/sdrdp_wireless_20_0.15_9.txt.out	17	0.007014	0.0	[17.0]	[0.006342]	[5.882353]	[16]
../output/wireless-3-1200/sdrdp_wireless_20_0.1_0.txt.out	29	0.005659	0.0	[]	[]	[]	[]
../output/wireless-3-1200/sdrdp_wireless_20_0.1_1.txt.out	27	0.005768	0.0	[27.0]	[0.005555]	[3.703704]	[8]
../output/wireless-3-1200/sdrdp_wireless_20_0.1_2.txt.out	27	0.00496	0.0	[]	[]	[]	[]
../output/wireless-3-1200/sdrdp_wireless_20_0.1_3.txt.out	24	0.006236	0.0	[]	[]	[]	[]
../output/wireless-3-1200/sdrdp_wireless_20_0.1_4.txt.out	31	0.006238	0.0	[]	[]	[]	[]
../output/wireless-3-1200/sdrdp_wireless_20_0.1_5.txt.out	33	0.005045	0.0	[]	[]	[]	[]
../output/wireless-3-1200/sdrdp_wireless_20_0.1_6.txt.out	29	0.005186	0.0	[]	[]	[]	[]
../output/wireless-3-1200/sdrdp_wireless_20_0.1_7.txt.out	22	0.007313	0.0	[]	[]	[]	[]
../output/wireless-3-1200/sdrdp_wireless_20_0.1_8.txt.out	33	0.004265	0.0	[]	[]	[]	[]
../output/wireless-3-1200/sdrdp_wireless_20_0.1_9.txt.out	29	0.005014	0.0	[]	[]	[]	[]
../output/wireless-3-1200/sdrdp_wireless_20_0.2_0.txt.out	22	0.005506	0.0	[]	[]	[]	[]
../output/wireless-3-1200/sdrdp_wireless_20_0.2_1.txt.out	12	0.007572	0.0	[]	[]	[]	[]
../output/wireless-3-1200/sdrdp_wireless_20_0.2_2.txt.out	12	0.007078	0.0	[]	[]	[]	[]
../output/wireless-3-1200/sdrdp_wireless_20_0.2_3.txt.out	10	0.008181	0.0	[]	[]	[]	[]
../output/wireless-3-1200/sdrdp_wireless_20_0.2_4.txt.out	15	0.008734	0.0	[17.0]	[0.007638]	[11.764706]	[20]
../output/wireless-3-1200/sdrdp_wireless_20_0.2_5.txt.out	16	0.023076	0.0	[17.0]	[0.005874]	[17.647059]	[58]
../output/wireless-3-1200/sdrdp_wireless_20_0.2_6.txt.out	20	0.006535	0.0	[]	[]	[]	[]
../output/wireless-3-1200/sdrdp_wireless_20_0.2_7.txt.out	13	0.011139	0.0	[13.0]	[0.006574]	[16.483516]	[36]
../output/wireless-3-1200/sdrdp_wireless_20_0.2_8.txt.out	9	0.016948	0.0	[10.0, 9.0]	[0.007785, 0.009298]	[35.0, 22.222222]	[32, 40]
../output/wireless-3-1200/sdrdp_wireless_20_0.2_9.txt.out	13	0.007588	0.0	[13.0]	[0.006562]	[7.692308]	[23]
../output/wireless-3-1200/sdrdp_wireless_300_0.05_0.txt.out	171	0.113374	0.0	[173.0, 171.0]	[0.070512, 0.073326]	[3.468208, 2.079272]	[73, 104]
../output/wireless-3-1200/sdrdp_wireless_300_0.05_1.txt.out	188	0.062426	0.0	[]	[]	[]	[]
../output/wireless-3-1200/sdrdp_wireless_300_0.05_2.txt.out	192	0.076772	0.0	[193.0, 192.0]	[0.067247, 0.076148]	[1.036269, 0.520833]	[32, 73]
../output/wireless-3-1200/sdrdp_wireless_300_0.05_3.txt.out	191	0.075604	0.0	[197.0, 192.0, 191.0]	[0.060034, 0.065637, 0.070469]	[4.060914, 1.432292, 0.78534]	[111, 136, 170]
../output/wireless-3-1200/sdrdp_wireless_300_0.05_4.txt.out	215	0.106018	0.0	[217.0, 216.0, 215.0]	[0.072578, 0.075618, 0.095303]	[2.304147, 1.388889, 0.930233]	[80, 109, 365]
../output/wireless-3-1200/sdrdp_wireless_300_0.05_5.txt.out	198	0.109747	0.0	[203.0, 199.0, 198.0]	[0.06916, 0.072159, 0.076151]	[4.433498, 2.289224, 1.094276]	[74, 102, 144]
../output/wireless-3-1200/sdrdp_wireless_300_0.05_6.txt.out	184	0.124812	0.0	[185.0, 184.0]	[0.075206, 0.124421]	[2.702703, 0.0]	[95, 812]
../output/wireless-3-1200/sdrdp_wireless_300_0.05_7.txt.out	195	0.13547	0.0	[198.0, 195.0]	[0.068278, 0.072827]	[4.166667, 2.147436]	[100, 133]
../output/wireless-3-1200/sdrdp_wireless_300_0.05_8.txt.out	187	0.106916	0.0	[189.0, 188.0]	[0.05385, 0.076397]	[2.777778, 1.386602]	[112, 311]
../output/wireless-3-1200/sdrdp_wireless_300_0.05_9.txt.out	206	0.074914	0.0	[207.0, 206.0]	[0.048201, 0.050626]	[2.173913, 1.456311]	[52, 69]
../output/wireless-3-1200/sdrdp_wireless_300_0.15_0.txt.out	8	1193.19	52.4733	[31.0, 20.0, 17.0, 16.0, 13.0, 12.0, 11.0, 8.0]	[0.143614, 0.308492, 0.658323, 1.599919, 3.17752, 4.51962, 11.258695, 20.265331]	[96.009128, 92.263971, 86.944527, 85.702241, 81.840191, 80.169787, 76.967227, 65.975121]	[1087, 1229, 2010, 2379, 21683, 29190, 39314, 99624]
../output/wireless-3-1200/sdrdp_wireless_300_0.15_1.txt.out	9	1198.92	36.9263	[29.0, 18.0, 16.0, 13.0, 12.0, 11.0, 9.0]	[0.127211, 0.637429, 0.657161, 1.795723, 7.803498, 17.611123, 29.517701]	[89.03026, 78.898292, 76.260578, 69.332358, 64.389315, 58.782318, 48.13541]	[980, 1924, 1924, 2668, 28734, 113727, 230971]
../output/wireless-3-1200/sdrdp_wireless_300_0.15_2.txt.out	5	1200.26	55.199	[21.0, 19.0, 11.0, 10.0, 9.0, 7.0, 5.0]	[0.146538, 0.55269, 2.290348, 8.951983, 19.521775, 26.005741, 61.039694]	[101.237982, 94.338447, 87.642381, 85.370435, 83.744928, 79.022143, 65.160937]	[1157, 2175, 3763, 42854, 78678, 142681, 571773]
../output/wireless-3-1200/sdrdp_wireless_300_0.15_3.txt.out	7	1200.03	16.6331	[25.0, 21.0, 17.0, 16.0, 11.0, 10.0, 9.0, 8.0, 7.0]	[0.206857, 0.716695, 1.588339, 2.849845, 4.345505, 41.465469, 57.454609, 163.760487, 663.221695]	[87.85524, 82.091465, 76.331198, 74.285976, 62.597783, 53.251248, 47.558422, 37.312411, 21.055529]	[1673, 2720, 3692, 16462, 24393, 291642, 362573, 1200996, 5126196]
../output/wireless-3-1200/sdrdp_wireless_300_0.15_4.txt.out	8	1197.51	28.898600000000002	[25.0, 16.0, 14.0, 12.0, 11.0, 10.0, 9.0, 8.0]	[0.161667, 1.11148, 12.997389, 13.052788, 14.327831, 137.644961, 137.660806, 1113.779385]	[86.943031, 73.558562, 67.094365, 61.610092, 57.614962, 49.686714, 44.096349, 28.995277]	[1156, 2244, 44135, 44478, 51082, 945399, 945479, 8629773]
../output/wireless-3-1200/sdrdp_wireless_300_0.15_5.txt.out	5	764.023	0.0	[21.0, 18.0, 13.0, 12.0, 9.0, 8.0, 7.0, 6.0, 5.0]	[0.126478, 0.70508, 1.64928, 2.8469, 7.497448, 19.157179, 32.987313, 43.53005, 757.752811]	[92.26489, 86.468454, 80.949387, 78.712218, 70.065603, 63.29863, 56.527302, 48.078074, 20.726231]	[994, 2026, 2442, 13998, 25530, 100963, 214116, 294727, 5862224]
../output/wireless-3-1200/sdrdp_wireless_300_0.15_6.txt.out	10	1200.34	28.358100000000004	[31.0, 22.0, 16.0, 15.0, 14.0, 13.0, 10.0]	[0.145231, 0.586549, 0.919817, 13.074126, 23.188777, 23.444143, 40.231456]	[84.60306, 76.197517, 67.124687, 60.450073, 56.945381, 53.632872, 38.338333]	[1044, 1899, 2012, 70158, 128958, 130788, 251705]
../output/wireless-3-1200/sdrdp_wireless_300_0.15_7.txt.out	9	1198.83	46.6072	[26.0, 22.0, 20.0, 17.0, 12.0, 11.0, 10.0, 9.0]	[0.17654, 0.678548, 1.689279, 2.806266, 3.697264, 43.695773, 44.375403, 332.999999]	[92.694413, 85.344282, 82.709329, 79.001626, 70.024161, 63.098956, 59.373423, 50.134232]	[1297, 2201, 3135, 16721, 24308, 266728, 269079, 2295114]
../output/wireless-3-1200/sdrdp_wireless_300_0.15_8.txt.out	6	1199.73	54.7298	[30.0, 17.0, 14.0, 11.0, 10.0, 9.0, 8.0, 7.0, 6.0]	[0.142276, 0.599688, 0.659935, 1.428283, 32.167352, 37.493727, 47.751279, 259.828263, 260.739246]	[98.43653, 94.956742, 93.721921, 91.344413, 84.325602, 81.989603, 79.407891, 67.807879, 62.436789]	[1173, 1945, 2020, 2405, 176669, 212877, 287431, 2012629, 2016778]
../output/wireless-3-1200/sdrdp_wireless_300_0.15_9.txt.out	8	1200.06	35.3279	[26.0, 21.0, 18.0, 17.0, 13.0, 12.0, 10.0, 9.0, 8.0]	[0.13439, 0.596505, 1.760347, 2.945559, 3.012258, 4.231834, 9.434833, 81.623668, 829.655982]	[90.421161, 82.825236, 79.597897, 77.690694, 70.826292, 68.295325, 61.740992, 51.033244, 36.642254]	[1098, 2167, 2703, 12540, 13026, 17589, 37495, 852117, 7481124]
../output/wireless-3-1200/sdrdp_wireless_300_0.1_0.txt.out	32	1200	4.37638	[66.0, 61.0, 49.0, 44.0, 37.0, 34.0, 33.0, 32.0]	[0.117263, 0.446309, 0.767263, 0.812186, 2.444652, 82.236692, 519.721727, 544.035926]	[67.061924, 60.040798, 47.132169, 41.124461, 25.786825, 14.795022, 9.418884, 6.486769]	[1186, 2633, 4191, 4191, 8092, 481869, 3430927, 3586150]
../output/wireless-3-1200/sdrdp_wireless_300_0.1_1.txt.out	31	383.884	0.0	[80.0, 49.0, 40.0, 38.0, 37.0, 36.0, 35.0, 34.0, 33.0, 32.0, 31.0]	[0.085989, 0.171526, 0.376179, 1.538161, 6.426322, 14.551818, 15.167873, 40.946541, 42.130559, 92.590724, 379.471642]	[70.520833, 48.313492, 34.394958, 28.000114, 24.45056, 20.736918, 18.450368, 14.809609, 12.210535, 8.692051, 3.417859]	[896, 1136, 2241, 6875, 29123, 107897, 114575, 418801, 431020, 971606, 3744316]
../output/wireless-3-1200/sdrdp_wireless_300_0.1_2.txt.out	33	1200.02	6.84756	[74.0, 54.0, 50.0, 42.0, 41.0, 36.0, 35.0, 34.0, 33.0]	[0.103056, 0.331636, 0.472335, 2.863921, 11.1868, 18.209833, 19.080119, 637.388425, 1081.035547]	[70.56036, 56.018059, 51.286447, 35.219989, 31.501799, 21.134798, 18.779014, 11.227092, 7.123835]	[1135, 1740, 2632, 11868, 51996, 90927, 96235, 4260745, 7163394]
../output/wireless-3-1200/sdrdp_wireless_300_0.1_3.txt.out	36	1200.16	13.7595	[64.0, 57.0, 54.0, 47.0, 44.0, 39.0, 37.0, 36.0]	[0.092512, 0.436008, 2.114458, 3.11329, 3.332331, 4.85404, 101.409097, 1085.025417]	[64.778281, 53.316177, 47.081761, 38.861203, 34.692648, 26.319911, 18.36118, 13.81979]	[961, 2316, 5879, 15134, 17019, 23605, 814572, 7804241]
../output/wireless-3-1200/sdrdp_wireless_300_0.1_4.txt.out	30	1199.85	4.29267	[58.0, 50.0, 40.0, 37.0, 36.0, 34.0, 32.0, 31.0, 30.0]	[0.08346, 0.417097, 0.434763, 2.23816, 3.578078, 4.2504, 10.707567, 41.586604, 761.885266]	[65.748528, 52.857795, 41.072243, 29.897557, 27.876197, 23.535999, 17.240023, 13.043457, 6.001744]	[1007, 2361, 2361, 7211, 22362, 30024, 46987, 334930, 6024861]
../output/wireless-3-1200/sdrdp_wireless_300_0.1_5.txt.out	35	1199.83	7.58756	[69.0, 57.0, 42.0, 39.0, 38.0, 36.0, 35.0]	[0.169208, 0.548305, 2.318129, 25.606187, 41.080325, 69.095797, 875.932145]	[63.923677, 53.163752, 29.820404, 20.520838, 18.190731, 13.564436, 7.971721]	[1657, 2876, 8340, 144513, 268509, 437681, 5831116]
../output/wireless-3-1200/sdrdp_wireless_300_0.1_6.txt.out	31	1200.2	7.16657	[49.0, 48.0, 33.0, 32.0, 31.0]	[0.10397, 0.447124, 1.997286, 71.316211, 469.760954]	[58.85273, 50.687611, 22.522145, 14.811256, 9.146156]	[1187, 2610, 7113, 484783, 3118465]
../output/wireless-3-1200/sdrdp_wireless_300_0.1_7.txt.out	30	1200.04	8.44527	[65.0, 60.0, 43.0, 40.0, 35.0, 34.0, 33.0, 30.0]	[0.092645, 0.422457, 1.056323, 1.140358, 1.879609, 27.129064, 91.00575, 112.662488]	[71.025641, 62.598707, 43.32968, 39.079405, 29.864412, 23.777611, 20.486664, 12.419704]	[1092, 2596, 5497, 5628, 6663, 190972, 942722, 1130741]
../output/wireless-3-1200/sdrdp_wireless_300_0.1_8.txt.out	35	1199.94	14.3599	[54.0, 49.0, 45.0, 44.0, 41.0, 40.0, 39.0, 38.0, 37.0, 35.0]	[0.092943, 0.541961, 4.243007, 4.3039, 5.282277, 47.213174, 101.492276, 103.771631, 1043.349824, 1045.14657]	[61.259998, 49.06396, 38.889435, 37.500559, 32.918227, 28.215667, 25.811864, 23.842559, 19.097049, 14.471668]	[1043, 2386, 24842, 25617, 33673, 265645, 624167, 624576, 6449084, 6458488]
../output/wireless-3-1200/sdrdp_wireless_300_0.1_9.txt.out	33	1200.19	8.95939	[60.0, 49.0, 46.0, 38.0, 35.0, 33.0]	[0.096903, 0.513016, 1.813237, 2.322013, 2.741819, 96.691077]	[62.210884, 47.332567, 42.191314, 29.908181, 23.889463, 13.000045]	[1088, 2487, 5536, 10820, 15436, 631998]
../output/wireless-3-1200/sdrdp_wireless_300_0.2_0.txt.out	-2	1197.7	116.54899999999999	[17.0, 8.0, 6.0, 4.0, 0.0, -1.0, -2.0]	[0.205644, 0.477417, 1.010462, 2.147694, 3.490276, 47.699254, 70.289853]	[133.177251, 168.54509, 191.390034, 234.606726, 5380493159653.971, 396.176133, 145.704706]	[1093, 1300, 1397, 12354, 17714, 351956, 490767]
../output/wireless-3-1200/sdrdp_wireless_300_0.2_1.txt.out	-1	1200.04	262.674	[12.0, 9.0, 6.0, 4.0, 2.0, -1.0]	[0.228611, 0.860706, 2.085765, 3.123336, 3.514084, 4.646494]	[141.049871, 151.196594, 175.223247, 212.005822, 324.011645, 347.995702]	[1235, 1941, 2435, 12121, 16989, 22213]
../output/wireless-3-1200/sdrdp_wireless_300_0.2_2.txt.out	-4	1200.2	40.516999999999996	[7.0, 5.0, -1.0, -2.0, -3.0, -4.0]	[0.177967, 1.064313, 2.215687, 3.173129, 40.13244, 111.062053]	[203.016393, 240.122801, 594.459168, 247.132737, 110.633998, 54.462273]	[963, 1331, 10845, 15236, 207096, 660464]
../output/wireless-3-1200/sdrdp_wireless_300_0.2_3.txt.out	-2	1199.94	117.237	[8.0, 6.0, 4.0, 2.0, 1.0, 0.0, -1.0, -2.0]	[0.228877, 0.957549, 3.109666, 3.138245, 4.08706, 33.93647, 34.729304, 112.246054]	[171.367667, 192.386419, 236.327267, 372.654535, 645.309069, 5096954242982.908, 408.965804, 145.75511]	[1309, 1973, 13052, 13497, 19472, 213097, 216228, 681604]
../output/wireless-3-1200/sdrdp_wireless_300_0.2_4.txt.out	-3	1185.37	90.4919	[13.0, 6.0, 4.0, 1.0, 0.0, -1.0, -2.0, -3.0]	[0.216036, 0.544139, 0.837777, 3.207466, 3.21995, 4.559775, 56.610908, 149.676206]	[155.739796, 214.754971, 267.147974, 759.04236, 6590423596269.646, 557.499073, 213.18452, 106.418384]	[1255, 1523, 1867, 15542, 15659, 22280, 342969, 932590]
../output/wireless-3-1200/sdrdp_wireless_300_0.2_5.txt.out	-4	1200.07	53.4642	[5.0, 2.0, 0.0, -1.0, -2.0, -3.0, -4.0]	[0.230559, 0.885969, 1.568936, 8.594158, 27.199911, 28.120849, 58.087832]	[244.421635, 449.218515, 6963055477041.962, 589.357133, 238.312662, 125.541775, 67.039522]	[1333, 2117, 2327, 30909, 147762, 151541, 311380]
../output/wireless-3-1200/sdrdp_wireless_300_0.2_6.txt.out	-6	1200.13	25.6552	[13.0, 2.0, 0.0, -2.0, -3.0, -4.0, -5.0, -6.0]	[0.202151, 0.461644, 1.190791, 2.36186, 3.572427, 17.25058, 51.802205, 436.013039]	[168.142145, 530.600196, 8499636848227.056, 323.681673, 182.338445, 106.327991, 62.006604, 29.261031]	[1072, 1258, 1634, 13018, 18704, 63255, 247281, 2625870]
../output/wireless-3-1200/sdrdp_wireless_300_0.2_7.txt.out	-2	1200.24	90.8914	[7.0, 3.0, -0.0, -1.0, -2.0]	[0.220991, 1.055012, 8.418283, 18.091048, 121.877273]	[179.10328, 273.987421, 4813178480975.607, 350.80921, 114.881141]	[1277, 1686, 22297, 70458, 668761]
../output/wireless-3-1200/sdrdp_wireless_300_0.2_8.txt.out	-5	1199.35	28.292299999999997	[10.0, 9.0, -1.0, -2.0, -3.0, -4.0, -5.0]	[0.230001, 0.387882, 1.227612, 2.447619, 42.938564, 47.573496, 1169.608053]	[176.618384, 183.739033, 643.686806, 269.951396, 133.92505, 75.098078, 28.598125]	[1337, 1434, 1844, 10034, 334642, 379373, 8119225]
../output/wireless-3-1200/sdrdp_wireless_300_0.2_9.txt.out	-5	1200.11	43.7751	[5.0, 4.0, -1.0, -2.0, -3.0, -4.0, -5.0]	[0.258855, 1.455372, 2.904013, 2.919152, 4.148589, 21.826187, 465.08623]	[270.284447, 308.614959, 733.631811, 316.815906, 175.949401, 98.920845, 47.272961]	[1532, 2010, 14792, 14885, 21398, 102459, 3292947]
../output/wireless-3-1200/sdrdp_wireless_30_0.05_0.txt.out	60	0.001357	0.0	[]	[]	[]	[]
../output/wireless-3-1200/sdrdp_wireless_30_0.05_1.txt.out	56	0.004192	0.0	[]	[]	[]	[]
../output/wireless-3-1200/sdrdp_wireless_30_0.05_2.txt.out	54	0.004858	0.0	[]	[]	[]	[]
../output/wireless-3-1200/sdrdp_wireless_30_0.05_3.txt.out	54	0.005002	0.0	[]	[]	[]	[]
../output/wireless-3-1200/sdrdp_wireless_30_0.05_4.txt.out	58	0.003412	0.0	[]	[]	[]	[]
../output/wireless-3-1200/sdrdp_wireless_30_0.05_5.txt.out	56	0.003981	0.0	[]	[]	[]	[]
../output/wireless-3-1200/sdrdp_wireless_30_0.05_6.txt.out	55	0.003467	0.0	[]	[]	[]	[]
../output/wireless-3-1200/sdrdp_wireless_30_0.05_7.txt.out	60	0.001794	0.0	[]	[]	[]	[]
../output/wireless-3-1200/sdrdp_wireless_30_0.05_8.txt.out	51	0.005724	0.0	[]	[]	[]	[]
../output/wireless-3-1200/sdrdp_wireless_30_0.05_9.txt.out	52	0.006213	0.0	[]	[]	[]	[]
../output/wireless-3-1200/sdrdp_wireless_30_0.15_0.txt.out	30	0.011217	0.0	[30.0]	[0.007203]	[6.666667]	[23]
../output/wireless-3-1200/sdrdp_wireless_30_0.15_1.txt.out	20	0.009153	0.0	[21.0]	[0.008876]	[7.142857]	[18]
../output/wireless-3-1200/sdrdp_wireless_30_0.15_2.txt.out	23	0.013379	0.0	[26.0, 23.0]	[0.008114, 0.011261]	[16.483516, 4.347826]	[63, 72]
../output/wireless-3-1200/sdrdp_wireless_30_0.15_3.txt.out	22	0.007727	0.0	[]	[]	[]	[]
../output/wireless-3-1200/sdrdp_wireless_30_0.15_4.txt.out	28	0.007983	0.0	[]	[]	[]	[]
../output/wireless-3-1200/sdrdp_wireless_30_0.15_5.txt.out	23	0.00991	0.0	[23.0]	[0.008866]	[6.521739]	[43]
../output/wireless-3-1200/sdrdp_wireless_30_0.15_6.txt.out	19	0.008822	0.0	[19.0]	[0.006534]	[5.263158]	[26]
../output/wireless-3-1200/sdrdp_wireless_30_0.15_7.txt.out	33	0.006077	0.0	[]	[]	[]	[]
../output/wireless-3-1200/sdrdp_wireless_30_0.15_8.txt.out	19	0.007837	0.0	[21.0]	[0.00714]	[9.52381]	[16]
../output/wireless-3-1200/sdrdp_wireless_30_0.15_9.txt.out	25	0.008399	0.0	[]	[]	[]	[]
../output/wireless-3-1200/sdrdp_wireless_30_0.1_0.txt.out	42	0.005925	0.0	[42.0]	[0.005646]	[2.380952]	[8]
../output/wireless-3-1200/sdrdp_wireless_30_0.1_1.txt.out	45	0.005118	0.0	[]	[]	[]	[]
../output/wireless-3-1200/sdrdp_wireless_30_0.1_2.txt.out	39	0.006518	0.0	[]	[]	[]	[]
../output/wireless-3-1200/sdrdp_wireless_30_0.1_3.txt.out	42	0.008029	0.0	[43.0]	[0.006046]	[4.069767]	[16]
../output/wireless-3-1200/sdrdp_wireless_30_0.1_4.txt.out	34	0.006487	0.0	[]	[]	[]	[]
../output/wireless-3-1200/sdrdp_wireless_30_0.1_5.txt.out	40	0.0063	0.0	[]	[]	[]	[]
../output/wireless-3-1200/sdrdp_wireless_30_0.1_6.txt.out	42	0.006082	0.0	[42.0]	[0.005881]	[2.380952]	[8]
../output/wireless-3-1200/sdrdp_wireless_30_0.1_7.txt.out	41	0.006643	0.0	[]	[]	[]	[]
../output/wireless-3-1200/sdrdp_wireless_30_0.1_8.txt.out	38	0.006806	0.0	[38.0]	[0.006602]	[2.631579]	[9]
../output/wireless-3-1200/sdrdp_wireless_30_0.1_9.txt.out	39	0.007766	0.0	[40.0]	[0.006798]	[3.333333]	[14]
../output/wireless-3-1200/sdrdp_wireless_30_0.2_0.txt.out	11	0.013593	0.0	[13.0, 11.0]	[0.00821, 0.011052]	[23.076923, 9.090909]	[49, 50]
../output/wireless-3-1200/sdrdp_wireless_30_0.2_1.txt.out	15	0.010391	0.0	[]	[]	[]	[]
../output/wireless-3-1200/sdrdp_wireless_30_0.2_2.txt.out	10	0.009745	0.0	[]	[]	[]	[]
../output/wireless-3-1200/sdrdp_wireless_30_0.2_3.txt.out	11	0.016275	0.0	[14.0, 12.0]	[0.006424, 0.010966]	[25.0, 8.333333]	[46, 88]
../output/wireless-3-1200/sdrdp_wireless_30_0.2_4.txt.out	15	0.009048	0.0	[]	[]	[]	[]
../output/wireless-3-1200/sdrdp_wireless_30_0.2_5.txt.out	16	0.011193	0.0	[]	[]	[]	[]
../output/wireless-3-1200/sdrdp_wireless_30_0.2_6.txt.out	15	0.009524	0.0	[17.0]	[0.006757]	[13.235294]	[62]
../output/wireless-3-1200/sdrdp_wireless_30_0.2_7.txt.out	13	0.050092	0.0	[15.0]	[0.00859]	[38.333333]	[64]
../output/wireless-3-1200/sdrdp_wireless_30_0.2_8.txt.out	20	0.011841	0.0	[21.0]	[0.007879]	[7.142857]	[42]
../output/wireless-3-1200/sdrdp_wireless_30_0.2_9.txt.out	13	0.027605	0.0	[16.0, 13.0]	[0.00723, 0.016985]	[37.5, 15.384615]	[73, 142]
../output/wireless-3-1200/sdrdp_wireless_400_0.05_0.txt.out	181	0.161921	0.0	[187.0, 185.0, 182.0, 181.0]	[0.116885, 0.125961, 0.143493, 0.14788]	[5.347594, 3.351351, 1.758242, 1.104972]	[94, 189, 302, 477]
../output/wireless-3-1200/sdrdp_wireless_400_0.05_1.txt.out	186	0.27384	0.0	[207.0, 190.0, 189.0, 186.0]	[0.13287, 0.153217, 0.205299, 0.252268]	[12.922705, 4.289474, 2.116402, 0.537634]	[369, 462, 986, 1224]
../output/wireless-3-1200/sdrdp_wireless_400_0.05_2.txt.out	202	0.545419	0.0	[217.0, 210.0, 206.0, 205.0, 203.0]	[0.121941, 0.166486, 0.221469, 0.512501, 0.529754]	[13.716565, 8.355605, 4.772679, 1.837587, 0.863341]	[319, 601, 1219, 2554, 2599]
../output/wireless-3-1200/sdrdp_wireless_400_0.05_3.txt.out	183	0.136572	0.0	[185.0, 184.0, 183.0]	[0.09765, 0.118244, 0.136082]	[3.513514, 0.947773, 0.0]	[147, 351, 584]
../output/wireless-3-1200/sdrdp_wireless_400_0.05_4.txt.out	169	0.410916	0.0	[189.0, 181.0, 171.0, 170.0, 169.0]	[0.12867, 0.150881, 0.173944, 0.385563, 0.41045]	[15.873016, 9.777815, 3.070175, 1.544676, 0.0]	[438, 578, 695, 1257, 1787]
../output/wireless-3-1200/sdrdp_wireless_400_0.05_5.txt.out	185	0.179958	0.0	[191.0, 188.0, 185.0]	[0.101412, 0.120003, 0.135629]	[6.282723, 3.1269, 1.281281]	[159, 343, 546]
../output/wireless-3-1200/sdrdp_wireless_400_0.05_6.txt.out	182	0.42182	0.0	[187.0, 183.0, 182.0]	[0.113984, 0.140462, 0.342939]	[7.620321, 4.163342, 1.073657]	[216, 450, 1233]
../output/wireless-3-1200/sdrdp_wireless_400_0.05_7.txt.out	203	0.653444	0.0	[214.0, 209.0, 203.0]	[0.120055, 0.199517, 0.415025]	[9.579439, 4.937942, 1.273281]	[257, 1035, 1694]
../output/wireless-3-1200/sdrdp_wireless_400_0.05_8.txt.out	187	0.134194	0.0	[189.0]	[0.113941]	[1.851852]	[90]
../output/wireless-3-1200/sdrdp_wireless_400_0.05_9.txt.out	183	0.924149	0.0	[200.0, 193.0, 186.0, 185.0, 184.0, 183.0]	[0.131926, 0.183094, 0.564965, 0.729106, 0.884431, 0.923491]	[15.27, 8.857959, 2.443456, 1.916123, 0.923913, 0.0]	[420, 773, 2851, 2851, 5745, 6593]
../output/wireless-3-1200/sdrdp_wireless_400_0.15_0.txt.out	-2	1200.07	187.802	[15.0, 9.0, 7.0, 4.0, 3.0, 2.0, 0.0, -1.0, -2.0]	[0.335513, 1.093434, 2.264343, 4.355727, 17.654135, 23.234795, 77.001331, 100.15452, 1097.764121]	[146.049298, 175.483358, 197.050031, 267.858274, 318.700057, 427.768702, 6329491219511.323, 530.46862, 188.124828]	[2042, 2655, 2682, 20301, 62996, 79135, 377679, 437239, 6556236]
../output/wireless-3-1200/sdrdp_wireless_400_0.15_1.txt.out	4	1199.95	114.869	[23.0, 22.0, 14.0, 12.0, 6.0, 5.0, 4.0]	[0.270794, 0.832487, 3.704864, 7.007431, 8.523655, 17.762802, 672.938559]	[110.612085, 108.675983, 109.63662, 111.133126, 121.575198, 123.864754, 117.506155]	[1586, 2248, 4056, 25412, 32484, 40611, 3334893]
../output/wireless-3-1200/sdrdp_wireless_400_0.15_2.txt.out	5	1200.51	100.945	[24.0, 17.0, 14.0, 9.0, 8.0, 7.0, 6.0, 5.0]	[0.263195, 0.793927, 5.121766, 7.422391, 19.386062, 81.958112, 82.86883, 237.662469]	[107.742006, 107.864889, 107.391999, 111.179493, 110.230627, 108.033841, 109.32962, 109.164752]	[1652, 2378, 23900, 38785, 54147, 357301, 361928, 1056234]
../output/wireless-3-1200/sdrdp_wireless_400_0.15_3.txt.out	3	1200.15	134.34900000000002	[20.0, 18.0, 13.0, 12.0, 6.0, 5.0, 4.0, 3.0]	[0.269158, 0.848992, 3.022811, 6.185863, 8.015767, 48.83149, 57.592297, 96.992446]	[115.158233, 114.874024, 117.076127, 117.287712, 134.433724, 136.79893, 144.735287, 154.989217]	[1567, 2222, 3756, 25091, 31370, 231533, 283820, 609436]
../output/wireless-3-1200/sdrdp_wireless_400_0.15_4.txt.out	4	1199.97	127.302	[29.0, 22.0, 15.0, 10.0, 7.0, 6.0, 5.0, 4.0]	[0.290286, 0.902216, 1.522383, 2.048933, 6.298353, 15.331203, 72.167616, 80.258525]	[109.473104, 111.289103, 115.783111, 123.674666, 131.80337, 137.022758, 135.289111, 143.646182]	[1705, 2395, 3085, 3085, 27722, 56609, 355402, 394291]
../output/wireless-3-1200/sdrdp_wireless_400_0.15_5.txt.out	6	1199.79	82.3412	[32.0, 27.0, 13.0, 10.0, 9.0, 8.0, 7.0, 6.0]	[0.2952, 0.820674, 3.373027, 6.34703, 7.916307, 17.131685, 40.034297, 49.126121]	[102.352385, 100.619848, 98.951062, 97.666427, 97.39515, 95.514085, 92.283866, 89.833326]	[1795, 2460, 4248, 24968, 31249, 40290, 139057, 181791]
../output/wireless-3-1200/sdrdp_wireless_400_0.15_6.txt.out	4	1200.29	111.53200000000001	[31.0, 19.0, 13.0, 10.0, 9.0, 8.0, 5.0, 4.0]	[0.268962, 0.825202, 2.417715, 14.333052, 22.227363, 103.532178, 148.232708, 405.014956]	[106.921691, 108.794933, 111.586157, 112.231787, 113.231543, 111.632525, 117.82335, 119.340228]	[1634, 2256, 2780, 48230, 72670, 496830, 754321, 2062415]
../output/wireless-3-1200/sdrdp_wireless_400_0.15_7.txt.out	3	1200.25	165.96900000000002	[25.0, 17.0, 13.0, 10.0, 8.0, 7.0, 6.0, 5.0, 4.0, 3.0]	[0.277629, 0.834268, 0.955791, 6.917223, 6.945781, 59.162198, 81.160044, 209.533307, 226.506386, 438.878813]	[114.103156, 119.558454, 125.504453, 130.176425, 137.720531, 136.548013, 142.04018, 147.771488, 159.71436, 175.26295]	[1710, 2247, 2350, 36049, 36472, 272046, 391361, 1059865, 1170767, 2596970]
../output/wireless-3-1200/sdrdp_wireless_400_0.15_8.txt.out	3	1199.9	150.387	[22.0, 17.0, 9.0, 8.0, 7.0, 3.0]	[0.279793, 0.798323, 3.378646, 6.464133, 83.193858, 112.611593]	[113.451193, 114.17228, 123.467952, 126.043278, 127.749687, 164.388871]	[1599, 2320, 4104, 30288, 401701, 490803]
../output/wireless-3-1200/sdrdp_wireless_400_0.15_9.txt.out	2	1200.14	179.858	[22.0, 16.0, 9.0, 7.0, 6.0, 4.0, 3.0, 2.0]	[0.266522, 0.804098, 2.360186, 4.757454, 17.016354, 19.26239, 246.526389, 428.835047]	[114.565493, 116.83877, 129.388639, 136.969657, 143.08459, 164.42051, 166.08621, 189.427641]	[1709, 2401, 2970, 24255, 64505, 73941, 1478457, 2462921]
../output/wireless-3-1200/sdrdp_wireless_400_0.1_0.txt.out	27	1199.41	20.8651	[60.0, 59.0, 38.0, 37.0, 35.0, 33.0, 30.0, 29.0, 28.0, 27.0]	[0.184129, 0.612552, 2.798979, 4.948734, 17.0247, 37.601973, 114.053482, 586.47363, 1086.591455, 1132.41652]	[74.590829, 70.182032, 49.535453, 47.923839, 42.633161, 38.56628, 31.446218, 27.098094, 23.756485, 20.915609]	[1597, 2990, 6901, 24479, 47148, 149294, 541722, 3349710, 6208236, 6297552]
../output/wireless-3-1200/sdrdp_wireless_400_0.1_1.txt.out	25	1199.6	14.4352	[57.0, 51.0, 44.0, 39.0, 34.0, 31.0, 28.0, 27.0, 26.0, 25.0]	[0.132979, 0.539117, 2.97192, 5.175623, 5.229928, 6.168297, 15.008238, 27.565714, 1143.20716, 1158.758825]	[71.413283, 65.363125, 56.189169, 50.548243, 43.275926, 37.451497, 28.812549, 25.277754, 17.781757, 14.478402]	[1159, 2282, 7898, 26264, 26592, 31547, 43153, 102121, 6345274, 6386099]
../output/wireless-3-1200/sdrdp_wireless_400_0.1_2.txt.out	30	1200.02	16.4909	[65.0, 57.0, 51.0, 44.0, 38.0, 36.0, 33.0, 32.0, 31.0, 30.0]	[0.32651, 0.80896, 2.729461, 4.761267, 6.885522, 21.940367, 24.588465, 165.559193, 909.451347, 1080.870179]	[71.22249, 63.000211, 54.826813, 47.416551, 39.113901, 34.326183, 28.119152, 24.535332, 19.586357, 16.62966]	[2898, 4465, 8812, 28790, 39408, 79841, 96179, 1235559, 7712664, 8757729]
../output/wireless-3-1200/sdrdp_wireless_400_0.1_3.txt.out	24	1200.15	20.759900000000002	[53.0, 51.0, 34.0, 31.0, 29.0, 28.0, 25.0, 24.0]	[0.179099, 0.674584, 3.017849, 20.176468, 68.774694, 112.939343, 129.733532, 364.438837]	[74.298443, 69.634972, 50.669408, 43.69584, 38.2699, 35.752653, 28.03809, 23.461914]	[1566, 2698, 7223, 100283, 359447, 628047, 634262, 1911007]
../output/wireless-3-1200/sdrdp_wireless_400_0.1_4.txt.out	29	1200.06	14.5282	[60.0, 55.0, 49.0, 46.0, 43.0, 38.0, 37.0, 35.0, 34.0, 32.0, 30.0, 29.0]	[0.163576, 0.605785, 3.186108, 6.058447, 6.072042, 7.848022, 16.741626, 55.658646, 74.332996, 123.43842, 875.688344, 1191.179433]	[68.275027, 61.989446, 52.768316, 49.643908, 46.130693, 39.042626, 36.320359, 31.709245, 29.486866, 24.877423, 17.795075, 14.541579]	[1511, 2585, 7780, 32039, 32091, 39180, 50424, 357544, 533038, 806015, 5480888, 6993995]
../output/wireless-3-1200/sdrdp_wireless_400_0.1_5.txt.out	28	1200.02	12.5551	[67.0, 66.0, 53.0, 47.0, 39.0, 38.0, 37.0, 36.0, 34.0, 33.0, 32.0, 31.0, 30.0, 29.0, 28.0]	[0.178504, 0.647989, 1.645564, 1.720553, 3.665751, 19.455658, 58.336487, 59.68146, 90.387625, 111.501348, 113.632107, 149.097203, 167.918239, 1109.85432, 1148.430999]	[73.091603, 70.076712, 58.652492, 53.374087, 42.355816, 39.459527, 37.124655, 35.36917, 31.203994, 28.885639, 26.663283, 24.024479, 21.482003, 15.671785, 12.643738]	[1593, 3039, 6416, 6416, 9155, 61886, 333583, 343063, 605658, 780679, 790896, 1044433, 1060192, 6162623, 6231594]
../output/wireless-3-1200/sdrdp_wireless_400_0.1_6.txt.out	34	1199.84	13.852500000000001	[66.0, 55.0, 50.0, 47.0, 41.0, 39.0, 38.0, 37.0, 36.0, 35.0, 34.0]	[0.193479, 0.641051, 3.615732, 6.281562, 8.791952, 19.696862, 154.622357, 407.885583, 430.107233, 1125.220328, 1133.347348]	[65.114364, 55.005357, 45.313287, 41.571174, 33.020614, 27.781422, 24.725791, 22.166811, 19.91436, 16.345613, 13.882983]	[1740, 2932, 8847, 32470, 45116, 62264, 1010457, 2815317, 2943040, 6795106, 6818493]
../output/wireless-3-1200/sdrdp_wireless_400_0.1_7.txt.out	29	1200.18	26.2275	[61.0, 58.0, 41.0, 38.0, 35.0, 33.0, 32.0, 31.0, 30.0, 29.0]	[0.180127, 0.659033, 3.347217, 5.958483, 17.009985, 35.325143, 60.977181, 119.911863, 163.559885, 1115.452256]	[74.463927, 69.901616, 52.309793, 48.435987, 42.371766, 38.150806, 35.836023, 33.303263, 30.766014, 26.296226]	[1558, 2624, 7739, 31343, 59004, 154670, 306721, 574924, 859791, 6237723]
../output/wireless-3-1200/sdrdp_wireless_400_0.1_8.txt.out	29	1200.14	24.104200000000002	[59.0, 57.0, 44.0, 39.0, 38.0, 37.0, 35.0, 32.0, 31.0, 30.0, 29.0]	[0.192792, 0.709079, 2.590309, 15.863541, 36.274798, 45.486682, 77.675176, 112.069235, 868.10503, 1055.164259, 1098.973414]	[71.000152, 67.606748, 55.193326, 47.615647, 45.753448, 44.186757, 40.712998, 35.052497, 29.390269, 26.747274, 24.172658]	[1674, 2799, 5575, 48207, 148739, 200749, 396480, 545256, 5000496, 6129050, 6330658]
../output/wireless-3-1200/sdrdp_wireless_400_0.1_9.txt.out	30	1199.94	24.684800000000003	[61.0, 59.0, 37.0, 34.0, 33.0, 32.0, 30.0]	[0.160603, 0.512846, 3.793503, 7.322892, 17.017458, 49.054171, 138.744178]	[73.139857, 69.00151, 44.161913, 39.02241, 35.588012, 32.835305, 27.425183]	[1440, 2445, 9664, 42524, 56857, 208406, 607351]
../output/wireless-3-1200/sdrdp_wireless_400_0.2_0.txt.out	-9	1186.49	28.966399999999997	[4.0, 0.0, -4.0, -6.0, -7.0, -8.0, -9.0]	[0.323005, 1.190283, 1.41186, 2.713186, 13.052406, 92.55853, 332.374515]	[413.928111, 12403845088285.096, 210.096127, 105.588742, 75.088157, 49.865786, 31.648109]	[1455, 1909, 1909, 2199, 37844, 357493, 1424945]
../output/wireless-3-1200/sdrdp_wireless_400_0.2_1.txt.out	-10	1200.36	30.743900000000004	[7.0, -6.0, -7.0, -8.0, -9.0, -10.0]	[0.387186, 2.313026, 4.869174, 67.447814, 76.849238, 406.960292]	[299.34815, 130.067092, 96.954747, 69.177863, 50.150627, 32.483138]	[1658, 1969, 16464, 269405, 320856, 2079136]
../output/wireless-3-1200/sdrdp_wireless_400_0.2_2.txt.out	-7	1200.03	52.0266	[3.0, 0.0, -1.0, -3.0, -5.0, -6.0, -7.0]	[0.356572, 1.29388, 2.826504, 6.209028, 8.287133, 66.812979, 155.007932]	[494.572968, 11432494778789.361, 1038.232521, 278.845653, 127.173436, 83.99431, 56.42631]	[1433, 1954, 2438, 25073, 33716, 265440, 663256]
../output/wireless-3-1200/sdrdp_wireless_400_0.2_3.txt.out	-5	1199.99	77.8541	[12.0, 5.0, -2.0, -4.0, -5.0]	[0.415557, 1.569309, 6.816598, 9.504378, 311.331282]	[182.584231, 291.797526, 374.087657, 136.922532, 82.338194]	[1619, 2113, 25903, 34978, 1271109]
../output/wireless-3-1200/sdrdp_wireless_400_0.2_4.txt.out	-7	1200.04	50.383500000000005	[4.0, -2.0, -3.0, -5.0, -6.0, -7.0]	[0.321441, 2.127476, 4.824801, 4.828487, 26.34881, 252.437061]	[382.278072, 454.307982, 268.884864, 121.330919, 81.608065, 52.842124]	[1336, 1658, 21186, 21192, 66631, 1127851]
../output/wireless-3-1200/sdrdp_wireless_400_0.2_5.txt.out	-6	1200.16	58.7943	[3.0, -1.0, -4.0, -5.0, -6.0]	[0.546976, 1.450395, 5.600702, 132.787548, 232.477087]	[453.565028, 932.664631, 154.429954, 95.563342, 62.043888]	[2274, 2784, 22168, 602509, 1119416]
../output/wireless-3-1200/sdrdp_wireless_400_0.2_6.txt.out	-11	1200.21	26.7494	[5.0, -1.0, -7.0, -9.0, -11.0]	[0.421827, 1.268427, 2.012226, 6.256845, 84.425664]	[398.195919, 1372.722837, 110.322294, 62.695861, 29.733205]	[1990, 2479, 2512, 21749, 444845]
../output/wireless-3-1200/sdrdp_wireless_400_0.2_7.txt.out	-9	1200.27	30.988100000000003	[10.0, 1.0, -2.0, -4.0, -6.0, -7.0, -8.0, -9.0]	[0.383783, 1.149493, 1.892513, 5.277903, 7.246967, 13.200686, 360.940564, 871.311295]	[225.904448, 1336.755411, 517.080828, 207.697862, 105.094219, 75.795045, 49.779359, 31.505643]	[1665, 2007, 2080, 22124, 31221, 39294, 2035358, 4534772]
../output/wireless-3-1200/sdrdp_wireless_400_0.2_8.txt.out	-7	1200.19	40.2786	[13.0, 4.0, 0.0, -4.0, -5.0, -7.0]	[0.356231, 1.131808, 1.515202, 5.929635, 95.499471, 120.68106]	[183.662427, 364.851484, 10561187926907.678, 161.030258, 103.081772, 44.931763]	[1592, 2063, 2218, 20819, 511249, 581706]
../output/wireless-3-1200/sdrdp_wireless_400_0.2_9.txt.out	-9	1200.29	36.549	[11.0, 3.0, -3.0, -5.0, -7.0, -8.0, -9.0]	[0.384941, 1.264819, 2.939987, 6.066889, 8.340731, 146.061782, 713.193028]	[219.405089, 529.56793, 327.088406, 155.899889, 82.470709, 56.139109, 37.552114]	[1609, 2116, 2461, 26100, 35225, 594412, 3016422]
../output/wireless-3-1200/sdrdp_wireless_500_0.05_0.txt.out	181	2.7346	0.0	[218.0, 197.0, 191.0, 181.0]	[0.163363, 0.281041, 0.555263, 1.218503]	[27.350917, 14.836368, 8.119962, 1.787984]	[839, 1674, 3495, 5813]
../output/wireless-3-1200/sdrdp_wireless_500_0.05_1.txt.out	186	1.02613	0.0	[206.0, 192.0, 188.0, 187.0, 186.0]	[0.153538, 0.212378, 0.507973, 0.852889, 1.020574]	[18.001618, 8.38539, 2.822053, 1.498765, 0.624171]	[585, 993, 3297, 4377, 7475]
../output/wireless-3-1200/sdrdp_wireless_500_0.05_2.txt.out	188	8.24029	0.0	[218.0, 200.0, 197.0, 190.0, 189.0, 188.0]	[0.161924, 0.683571, 0.856344, 1.290355, 5.476885, 5.980685]	[27.805537, 8.17661, 6.416949, 2.59295, 1.61296, 1.066312]	[1088, 4945, 5664, 6564, 20890, 22078]
../output/wireless-3-1200/sdrdp_wireless_500_0.05_3.txt.out	169	7.13619	0.0	[194.0, 181.0, 173.0, 172.0, 170.0, 169.0]	[0.158941, 0.331487, 1.430886, 1.727748, 1.876509, 7.133317]	[25.95729, 13.848261, 3.940836, 3.382353, 2.199577, 0.0]	[759, 2236, 7037, 10279, 12038, 21205]
../output/wireless-3-1200/sdrdp_wireless_500_0.05_4.txt.out	179	9.65981	0.0	[230.0, 193.0, 192.0, 182.0, 180.0, 179.0]	[0.174934, 0.426406, 0.546764, 1.391721, 1.447494, 8.202084]	[38.284161, 16.054778, 14.474053, 4.103461, 3.037943, 1.084867]	[1101, 3365, 4253, 8691, 8780, 28067]
../output/wireless-3-1200/sdrdp_wireless_500_0.05_5.txt.out	175	9.34805	0.0	[211.0, 196.0, 193.0, 178.0, 177.0, 176.0, 175.0]	[0.161353, 0.289287, 0.534498, 0.569237, 0.872759, 7.078057, 7.966228]	[28.811216, 19.66872, 12.721948, 4.877309, 3.36631, 1.805751, 1.085811]	[936, 1597, 3584, 3699, 4954, 42748, 53692]
../output/wireless-3-1200/sdrdp_wireless_500_0.05_6.txt.out	170	34.0138	0.0	[220.0, 198.0, 195.0, 184.0, 177.0, 175.0, 174.0, 171.0, 170.0]	[0.17951, 0.343274, 0.475989, 0.846449, 0.880825, 1.976154, 2.951184, 3.183237, 23.247462]	[37.386364, 24.683685, 20.970466, 12.39423, 8.929595, 6.236941, 5.56596, 3.877945, 1.176471]	[1022, 2071, 3288, 5759, 5759, 8680, 20561, 24016, 223668]
../output/wireless-3-1200/sdrdp_wireless_500_0.05_7.txt.out	178	5.50574	0.0	[223.0, 206.0, 195.0, 192.0, 185.0, 183.0, 181.0, 180.0]	[0.17205, 0.226909, 0.378268, 0.610034, 0.87396, 1.039874, 1.376086, 1.471673]	[32.759449, 24.015963, 15.769659, 10.769557, 6.338492, 4.899934, 3.590831, 2.97292]	[898, 1164, 2479, 3925, 5211, 6037, 6449, 7705]
../output/wireless-3-1200/sdrdp_wireless_500_0.05_8.txt.out	190	9.28077	0.0	[238.0, 211.0, 197.0, 195.0, 194.0, 193.0, 191.0, 190.0]	[0.191776, 0.259484, 2.240026, 2.538405, 2.782753, 2.803227, 3.072302, 9.2793]	[33.653461, 21.965022, 6.202631, 4.612579, 4.120303, 3.623517, 2.601204, 0.0]	[1191, 1649, 10076, 12093, 14456, 14677, 18305, 47679]
../output/wireless-3-1200/sdrdp_wireless_500_0.05_9.txt.out	191	1.08286	0.0	[207.0, 198.0, 195.0, 193.0, 191.0]	[0.140611, 0.195735, 0.282556, 0.824606, 0.884827]	[15.821256, 9.170324, 4.223291, 1.923137, 0.69808]	[433, 831, 1750, 3685, 3874]
../output/wireless-3-1200/sdrdp_wireless_500_0.15_0.txt.out	2	1200.05	321.103	[30.0, 20.0, 14.0, 8.0, 7.0, 5.0, 4.0, 3.0, 2.0]	[0.488497, 1.195868, 4.507873, 23.116883, 34.587604, 125.718774, 128.652323, 874.615533, 950.927082]	[118.488006, 126.539643, 135.895314, 161.431287, 169.842919, 195.253709, 219.059451, 249.297082, 322.845891]	[2284, 2787, 4075, 50775, 80120, 460092, 466880, 3720607, 4043803]
../output/wireless-3-1200/sdrdp_wireless_500_0.15_1.txt.out	4	1200.14	181.126	[23.0, 16.0, 13.0, 12.0, 8.0, 7.0, 6.0, 5.0, 4.0]	[0.850715, 1.610709, 10.312377, 10.355271, 14.085305, 129.4725, 699.256625, 937.113244, 1018.756864]	[122.415265, 126.808895, 128.309297, 130.668405, 145.639281, 149.796954, 155.493326, 165.613228, 181.66088]	[3896, 4529, 40595, 40935, 53526, 464919, 2582016, 3556939, 3883376]
../output/wireless-3-1200/sdrdp_wireless_500_0.15_2.txt.out	0	1200.06	650.863	[29.0, 17.0, 11.0, 7.0, 6.0, 5.0, 3.0, 2.0, 1.0, 0.0]	[0.499768, 1.26321, 4.870662, 21.909644, 37.590728, 65.881336, 68.575745, 141.28015, 452.811446, 1095.677985]	[125.803734, 143.321445, 164.946385, 200.582825, 216.170433, 238.46197, 330.688373, 442.730662, 776.423846, 6519926300028.379]	[2093, 2563, 3860, 38723, 91690, 220547, 230894, 601733, 1825603, 4250928]
../output/wireless-3-1200/sdrdp_wireless_500_0.15_3.txt.out	2	1199.96	374.897	[30.0, 22.0, 11.0, 8.0, 7.0, 6.0, 5.0, 4.0, 3.0, 2.0]	[0.541822, 1.336383, 4.19813, 9.859397, 52.404441, 74.75291, 113.932961, 526.669447, 567.380746, 1128.131739]	[121.950122, 128.581783, 155.956392, 176.264425, 184.949531, 197.62737, 216.878242, 242.163665, 288.451768, 375.365594]	[2457, 2905, 3852, 43155, 167701, 282524, 479660, 1972663, 2120497, 4336226]
../output/wireless-3-1200/sdrdp_wireless_500_0.15_4.txt.out	2	1200.06	325.185	[23.0, 20.0, 13.0, 11.0, 10.0, 7.0, 4.0, 3.0, 2.0]	[0.459936, 1.194315, 4.93585, 10.624902, 11.008752, 14.766746, 30.472078, 153.787738, 652.0004]	[126.49647, 128.307571, 140.033842, 147.089147, 151.798062, 173.583039, 224.181094, 259.72639, 330.277328]	[2283, 2847, 4675, 45635, 49099, 62801, 77280, 563374, 2332328]
../output/wireless-3-1200/sdrdp_wireless_500_0.15_5.txt.out	3	1200.19	233.66699999999997	[22.0, 15.0, 11.0, 10.0, 6.0, 4.0, 3.0]	[0.481681, 1.155405, 18.778636, 30.432617, 32.447965, 107.858029, 1094.974742]	[124.737901, 132.748151, 142.215452, 146.14007, 175.513845, 210.491773, 233.976749]	[2375, 2807, 40149, 81239, 84482, 546578, 5144947]
../output/wireless-3-1200/sdrdp_wireless_500_0.15_6.txt.out	3	1199.85	268.593	[35.0, 19.0, 16.0, 10.0, 9.0, 6.0, 5.0, 4.0, 3.0]	[0.501433, 1.126574, 1.320857, 11.018839, 14.898069, 31.807766, 137.920638, 490.059709, 520.466984]	[118.57879, 132.923495, 138.810404, 156.25318, 162.415464, 192.529359, 206.217157, 230.428885, 273.90518]	[2253, 2589, 2744, 32783, 42384, 53690, 467076, 1669493, 1789163]
../output/wireless-3-1200/sdrdp_wireless_500_0.15_7.txt.out	2	1200.05	353.458	[14.0, 13.0, 9.0, 7.0, 4.0, 3.0, 2.0]	[0.741583, 1.734104, 8.879868, 11.58664, 166.316567, 491.806523, 717.362927]	[145.359124, 144.964178, 162.25246, 179.41507, 233.032854, 274.587439, 357.474295]	[3446, 3918, 28924, 34682, 535048, 2067374, 3389046]
../output/wireless-3-1200/sdrdp_wireless_500_0.15_8.txt.out	1	1199.92	652.958	[24.0, 16.0, 14.0, 9.0, 7.0, 5.0, 4.0, 3.0, 2.0, 1.0]	[0.526192, 1.329317, 8.919466, 12.269117, 25.549388, 36.380649, 44.923184, 68.806153, 647.542128, 1126.79806]	[129.239976, 139.899035, 143.468733, 167.616701, 185.255078, 219.20711, 248.73506, 294.336146, 383.23942, 653.959393]	[2331, 2959, 33776, 42260, 52114, 83546, 110942, 206680, 2752945, 4618146]
../output/wireless-3-1200/sdrdp_wireless_500_0.15_9.txt.out	1	1200.06	674.072	[27.0, 18.0, 14.0, 10.0, 9.0, 5.0, 4.0, 3.0, 2.0, 1.0]	[0.544385, 1.427806, 4.394638, 9.953355, 10.007921, 14.359741, 29.40244, 96.407309, 193.933819, 199.998377]	[125.411206, 137.501466, 147.201507, 165.355312, 172.617014, 230.683641, 260.932527, 305.067755, 402.623659, 704.983037]	[2403, 2936, 4126, 44937, 45371, 61061, 74706, 320293, 619567, 632572]
../output/wireless-3-1200/sdrdp_wireless_500_0.1_0.txt.out	23	1200.13	37.416	[44.0, 40.0, 32.0, 28.0, 26.0, 25.0, 23.0]	[0.251958, 0.823261, 4.893855, 23.912594, 55.564223, 99.670415, 159.411194]	[80.077396, 73.743726, 60.702034, 52.765838, 48.100808, 45.319098, 40.278884]	[1734, 2692, 8176, 54298, 176364, 385306, 600810]
../output/wireless-3-1200/sdrdp_wireless_500_0.1_1.txt.out	27	1200.06	35.3711	[62.0, 54.0, 51.0, 44.0, 41.0, 37.0, 34.0, 33.0, 32.0, 31.0, 29.0, 28.0, 27.0]	[0.33573, 1.256507, 4.605112, 11.25117, 11.374329, 15.307796, 32.22297, 44.562092, 66.38225, 107.386624, 201.245379, 1148.954353, 1175.808267]	[78.844195, 73.184038, 69.16929, 64.137425, 61.513334, 57.234904, 51.671196, 49.855337, 48.10113, 46.136541, 42.159572, 37.711216, 35.397959]	[2450, 3526, 6970, 57580, 59091, 76047, 98957, 134102, 230359, 428143, 769648, 4940138, 4999247]
../output/wireless-3-1200/sdrdp_wireless_500_0.1_2.txt.out	24	1200	33.0331	[55.0, 38.0, 35.0, 33.0, 31.0, 26.0, 25.0, 24.0]	[0.308499, 1.05009, 5.116188, 24.593138, 79.486094, 172.578455, 203.309665, 1144.615797]	[79.077785, 65.044819, 57.422798, 53.697556, 49.887336, 39.995079, 37.412343, 33.118634]	[2339, 3479, 9201, 55694, 301599, 680706, 836094, 6528361]
../output/wireless-3-1200/sdrdp_wireless_500_0.1_3.txt.out	26	1200.18	42.6323	[61.0, 52.0, 49.0, 41.0, 38.0, 37.0, 35.0, 34.0, 29.0, 28.0, 26.0]	[0.320974, 0.948772, 5.409816, 11.083957, 14.857092, 31.948729, 45.381926, 173.264954, 203.440854, 1051.205195, 1096.494827]	[83.557603, 77.977335, 72.903667, 67.170399, 64.578589, 62.817425, 60.484474, 58.460246, 51.292013, 46.937616, 42.757758]	[2256, 3206, 8036, 41474, 50244, 64728, 106028, 697365, 721809, 4374659, 4524442]
../output/wireless-3-1200/sdrdp_wireless_500_0.1_4.txt.out	23	1199.93	30.415399999999998	[66.0, 65.0, 37.0, 36.0, 33.0, 30.0, 28.0, 27.0, 24.0, 23.0]	[0.436199, 1.051236, 2.742912, 6.264523, 9.339008, 22.630755, 76.433165, 147.696827, 170.275654, 1130.802238]	[81.168117, 79.435796, 62.25397, 60.546729, 56.960068, 50.152487, 44.996159, 42.613481, 35.432265, 30.469072]	[3171, 4136, 6102, 39374, 53143, 70377, 314227, 683867, 691115, 7117435]
../output/wireless-3-1200/sdrdp_wireless_500_0.1_5.txt.out	26	1200.06	30.185000000000002	[65.0, 50.0, 44.0, 38.0, 37.0, 36.0, 34.0, 30.0, 29.0, 28.0, 27.0, 26.0]	[0.338756, 0.972573, 4.892989, 25.64324, 62.583372, 122.699288, 171.176227, 204.46223, 644.465694, 697.308657, 710.292156, 929.371494]	[78.399072, 68.489897, 61.608245, 54.275954, 52.565857, 51.002679, 47.96517, 40.991639, 38.317594, 35.893191, 33.439848, 30.417815]	[2702, 3998, 9623, 54992, 258361, 710193, 1086894, 1201931, 3724670, 3992580, 4056135, 5151921]
../output/wireless-3-1200/sdrdp_wireless_500_0.1_6.txt.out	25	1200.03	33.6568	[51.0, 49.0, 47.0, 44.0, 35.0, 31.0, 30.0, 27.0, 26.0, 25.0]	[0.564928, 1.302542, 5.326835, 8.973002, 9.073775, 11.134043, 27.481225, 221.821823, 1114.508356, 1174.473981]	[75.247383, 71.997752, 67.161065, 64.826843, 55.782317, 50.017865, 47.146401, 39.847373, 36.262373, 33.697116]	[3698, 4735, 10448, 33177, 34061, 42326, 56897, 1187220, 5718549, 5822458]
../output/wireless-3-1200/sdrdp_wireless_500_0.1_7.txt.out	25	1199.69	38.8397	[47.0, 45.0, 39.0, 38.0, 37.0, 31.0, 29.0, 26.0, 25.0]	[0.301415, 0.858275, 7.107623, 13.759628, 13.822058, 17.589927, 33.745019, 220.320272, 1165.310005]	[78.100863, 73.301163, 63.068621, 61.965625, 60.937669, 53.336131, 49.716658, 42.767331, 38.868208]	[2308, 3426, 12608, 60579, 61130, 81737, 99044, 812217, 4741412]
../output/wireless-3-1200/sdrdp_wireless_500_0.1_8.txt.out	24	1200.3	34.2169	[61.0, 49.0, 46.0, 40.0, 37.0, 31.0, 29.0, 26.0, 25.0, 24.0]	[0.325741, 1.15149, 4.192435, 8.307236, 8.429732, 11.492409, 24.52165, 48.123245, 633.709004, 701.321939]	[80.838187, 73.344128, 69.221821, 64.314587, 61.421176, 53.659246, 48.781964, 42.595395, 37.453212, 34.704032]	[2234, 3374, 6694, 33548, 34247, 43939, 56995, 178033, 3469675, 3792050]
../output/wireless-3-1200/sdrdp_wireless_500_0.1_9.txt.out	26	1200.02	42.350500000000004	[56.0, 49.0, 36.0, 34.0, 33.0, 31.0, 28.0, 27.0, 26.0]	[0.290379, 0.957009, 3.64732, 7.800313, 22.39513, 79.172874, 170.394896, 283.43161, 1155.216285]	[80.675115, 73.931329, 63.218468, 60.844692, 56.932239, 53.154765, 47.821457, 45.385369, 42.375074]	[1854, 3211, 5210, 39114, 63306, 306129, 681110, 1282943, 6603355]
../output/wireless-3-1200/sdrdp_wireless_500_0.2_0.txt.out	-13	1200.05	48.8772	[2.0, -4.0, -6.0, -10.0, -11.0, -12.0, -13.0]	[0.702169, 2.144162, 8.495956, 10.712112, 14.03599, 27.064436, 40.358095]	[1098.874557, 398.145179, 229.482299, 97.689379, 79.546577, 64.584362, 51.570717]	[2339, 2656, 25646, 39487, 51032, 62702, 90446]
../output/wireless-3-1200/sdrdp_wireless_500_0.2_1.txt.out	-14	1200.07	28.1329	[-2.0, -7.0, -9.0, -12.0, -13.0, -14.0]	[0.70285, 7.741454, 18.458696, 37.501148, 79.440587, 323.340748]	[828.279224, 161.858551, 103.486441, 52.451584, 40.40966, 29.368348]	[2439, 19505, 30358, 71340, 219595, 985468]
../output/wireless-3-1200/sdrdp_wireless_500_0.2_2.txt.out	-16	1200.08	16.1239	[2.0, -9.0, -13.0, -15.0, -16.0]	[0.626813, 2.110811, 17.738844, 27.417909, 841.935111]	[1062.663978, 111.094739, 45.851531, 26.388751, 16.437805]	[2503, 2907, 27956, 47334, 3149844]
../output/wireless-3-1200/sdrdp_wireless_500_0.2_3.txt.out	-14	1200.19	18.7728	[7.0, -5.0, -8.0, -9.0, -11.0, -12.0, -13.0, -14.0]	[0.604305, 1.78346, 8.573648, 8.681536, 12.240919, 121.195738, 615.224197, 925.613179]	[351.604725, 244.011417, 113.037438, 89.366612, 54.93555, 40.374655, 28.682854, 19.088258]	[2087, 2554, 30184, 30827, 41262, 361154, 2001890, 3140274]
../output/wireless-3-1200/sdrdp_wireless_500_0.2_4.txt.out	-14	1200.04	27.3586	[5.0, -5.0, -11.0, -12.0, -13.0, -14.0]	[0.590715, 1.808693, 8.977976, 668.054543, 671.170408, 746.055132]	[472.96437, 269.611175, 65.504994, 49.133583, 37.661769, 27.741104]	[2186, 2557, 30887, 2718945, 2726662, 3093629]
../output/wireless-3-1200/sdrdp_wireless_500_0.2_5.txt.out	-15	1200.13	20.5035	[4.0, -7.0, -9.0, -12.0, -13.0, -14.0, -15.0]	[0.670413, 1.924334, 9.552842, 13.434552, 167.215039, 172.984279, 492.711141]	[563.413728, 163.627004, 104.301981, 53.226486, 40.075608, 30.046096, 21.049113]	[2238, 2542, 36436, 47798, 471257, 476205, 1486641]
../output/wireless-3-1200/sdrdp_wireless_500_0.2_6.txt.out	-14	1200.11	28.004	[8.0, -1.0, -4.0, -9.0, -10.0, -11.0, -12.0, -13.0, -14.0]	[0.644423, 2.170669, 9.197685, 9.200247, 12.715145, 26.820496, 416.71309, 455.496509, 799.571771]	[329.110373, 1729.048928, 356.399191, 102.844085, 82.435579, 65.843606, 50.451942, 38.856775, 28.379578]	[2047, 2383, 25670, 25678, 33354, 41706, 1139673, 1258040, 2391502]
../output/wireless-3-1200/sdrdp_wireless_500_0.2_7.txt.out	-17	1200.23	24.0933	[4.0, -3.0, -11.0, -12.0, -14.0, -16.0, -17.0]	[0.652473, 1.176372, 2.168245, 10.38469, 13.966408, 83.633514, 1094.071249]	[648.425661, 624.344589, 96.269043, 79.093653, 53.496795, 33.407561, 24.138274]	[1999, 2202, 2439, 28257, 36660, 271719, 3699513]
../output/wireless-3-1200/sdrdp_wireless_500_0.2_8.txt.out	-12	1200.02	32.980900000000005	[7.0, -3.0, -5.0, -6.0, -9.0, -10.0, -12.0]	[1.02568, 3.398525, 14.021685, 14.150429, 14.412121, 14.416553, 500.435714]	[335.490964, 433.333333, 220.0, 166.666667, 77.777778, 60.0, 33.333333]	[3389, 4386, 46578, 47057, 48406, 48415, 1676324]
../output/wireless-3-1200/sdrdp_wireless_500_0.2_9.txt.out	-12	1200.48	37.5221	[6.0, -3.0, -11.0, -12.0]	[0.545092, 2.008727, 8.706869, 1106.631898]	[390.298596, 470.540884, 54.808135, 37.588975]	[1736, 2133, 29090, 3875670]
../output/wireless-3-1200/sdrdp_wireless_50_0.05_0.txt.out	94	0.004816	0.0	[]	[]	[]	[]
../output/wireless-3-1200/sdrdp_wireless_50_0.05_1.txt.out	75	0.007776	0.0	[]	[]	[]	[]
../output/wireless-3-1200/sdrdp_wireless_50_0.05_2.txt.out	87	0.005556	0.0	[]	[]	[]	[]
../output/wireless-3-1200/sdrdp_wireless_50_0.05_3.txt.out	85	0.005904	0.0	[]	[]	[]	[]
../output/wireless-3-1200/sdrdp_wireless_50_0.05_4.txt.out	83	0.006819	0.0	[84.0, 83.0]	[0.006437, 0.006629]	[2.380952, 1.204819]	[24, 26]
../output/wireless-3-1200/sdrdp_wireless_50_0.05_5.txt.out	79	0.006966	0.0	[]	[]	[]	[]
../output/wireless-3-1200/sdrdp_wireless_50_0.05_6.txt.out	82	0.006053	0.0	[]	[]	[]	[]
../output/wireless-3-1200/sdrdp_wireless_50_0.05_7.txt.out	85	0.005957	0.0	[]	[]	[]	[]
../output/wireless-3-1200/sdrdp_wireless_50_0.05_8.txt.out	86	0.006031	0.0	[]	[]	[]	[]
../output/wireless-3-1200/sdrdp_wireless_50_0.05_9.txt.out	95	0.005037	0.0	[96.0]	[0.003898]	[1.388889]	[14]
../output/wireless-3-1200/sdrdp_wireless_50_0.15_0.txt.out	23	0.016023	0.0	[27.0, 25.0]	[0.011176, 0.014033]	[17.592593, 8.0]	[75, 97]
../output/wireless-3-1200/sdrdp_wireless_50_0.15_1.txt.out	21	0.022757	0.0	[21.0]	[0.013264]	[13.392857]	[89]
../output/wireless-3-1200/sdrdp_wireless_50_0.15_2.txt.out	24	0.024413	0.0	[24.0]	[0.015265]	[12.5]	[48]
../output/wireless-3-1200/sdrdp_wireless_50_0.15_3.txt.out	25	0.021447	0.0	[26.0, 25.0]	[0.012592, 0.016684]	[7.692308, 4.0]	[54, 77]
../output/wireless-3-1200/sdrdp_wireless_50_0.15_4.txt.out	20	0.015926	0.0	[23.0, 20.0]	[0.012936, 0.015101]	[18.478261, 5.0]	[40, 42]
../output/wireless-3-1200/sdrdp_wireless_50_0.15_5.txt.out	24	0.02167	0.0	[26.0, 24.0]	[0.011286, 0.0138]	[17.307692, 8.333333]	[62, 89]
../output/wireless-3-1200/sdrdp_wireless_50_0.15_6.txt.out	24	0.022714	0.0	[29.0, 25.0, 24.0]	[0.012848, 0.015694, 0.020002]	[22.413793, 8.0, 4.166667]	[60, 70, 116]
../output/wireless-3-1200/sdrdp_wireless_50_0.15_7.txt.out	23	0.024614	0.0	[23.0]	[0.012266]	[4.347826]	[45]
../output/wireless-3-1200/sdrdp_wireless_50_0.15_8.txt.out	21	0.031259	0.0	[23.0, 22.0, 21.0]	[0.0109, 0.015211, 0.029652]	[19.565217, 13.636364, 4.761905]	[89, 105, 291]
../output/wireless-3-1200/sdrdp_wireless_50_0.15_9.txt.out	20	0.018273	0.0	[23.0, 22.0]	[0.012702, 0.015289]	[20.652174, 13.131313]	[58, 79]
../output/wireless-3-1200/sdrdp_wireless_50_0.1_0.txt.out	43	0.012764	0.0	[43.0]	[0.010582]	[2.325581]	[17]
../output/wireless-3-1200/sdrdp_wireless_50_0.1_1.txt.out	44	0.010985	0.0	[]	[]	[]	[]
../output/wireless-3-1200/sdrdp_wireless_50_0.1_2.txt.out	50	0.012408	0.0	[52.0, 51.0]	[0.01033, 0.011352]	[5.288462, 1.960784]	[16, 17]
../output/wireless-3-1200/sdrdp_wireless_50_0.1_3.txt.out	43	0.009881	0.0	[]	[]	[]	[]
../output/wireless-3-1200/sdrdp_wireless_50_0.1_4.txt.out	48	0.016066	0.0	[48.0]	[0.010809]	[2.083333]	[23]
../output/wireless-3-1200/sdrdp_wireless_50_0.1_5.txt.out	50	0.013507	0.0	[50.0]	[0.012115]	[3.333333]	[21]
../output/wireless-3-1200/sdrdp_wireless_50_0.1_6.txt.out	47	0.010164	0.0	[47.0]	[0.009945]	[2.12766]	[9]
../output/wireless-3-1200/sdrdp_wireless_50_0.1_7.txt.out	47	0.011877	0.0	[50.0]	[0.010471]	[6.0]	[28]
../output/wireless-3-1200/sdrdp_wireless_50_0.1_8.txt.out	54	0.011735	0.0	[57.0]	[0.010142]	[5.764411]	[29]
../output/wireless-3-1200/sdrdp_wireless_50_0.1_9.txt.out	44	0.012414	0.0	[44.0]	[0.011236]	[2.272727]	[10]
../output/wireless-3-1200/sdrdp_wireless_50_0.2_0.txt.out	14	1.28738	0.0	[19.0, 17.0, 15.0, 14.0]	[0.009499, 0.05337, 0.095964, 0.111412]	[51.315789, 41.176471, 30.0, 25.0]	[128, 408, 1419, 2087]
../output/wireless-3-1200/sdrdp_wireless_50_0.2_1.txt.out	12	0.094327	0.0	[13.0, 12.0]	[0.010174, 0.094103]	[26.923077, 0.0]	[146, 1460]
../output/wireless-3-1200/sdrdp_wireless_50_0.2_2.txt.out	11	0.054133	0.0	[12.0, 11.0]	[0.012818, 0.043506]	[25.0, 9.090909]	[157, 423]
../output/wireless-3-1200/sdrdp_wireless_50_0.2_3.txt.out	13	0.04624	0.0	[16.0, 13.0]	[0.011967, 0.021108]	[39.0625, 7.692308]	[131, 222]
../output/wireless-3-1200/sdrdp_wireless_50_0.2_4.txt.out	15	0.149123	0.0	[18.0, 16.0, 15.0]	[0.0093, 0.039206, 0.145962]	[36.111111, 16.120427, 7.479557]	[121, 482, 1000]
../output/wireless-3-1200/sdrdp_wireless_50_0.2_5.txt.out	12	0.057436	0.0	[15.0, 13.0]	[0.010558, 0.036125]	[41.666667, 16.495726]	[91, 362]
../output/wireless-3-1200/sdrdp_wireless_50_0.2_6.txt.out	11	0.076103	0.0	[16.0, 13.0, 12.0, 11.0]	[0.011781, 0.017484, 0.036799, 0.075829]	[53.125, 33.012821, 15.895062, 0.0]	[102, 149, 290, 663]
../output/wireless-3-1200/sdrdp_wireless_50_0.2_7.txt.out	13	0.025048	0.0	[14.0]	[0.012431]	[7.142857]	[81]
../output/wireless-3-1200/sdrdp_wireless_50_0.2_8.txt.out	11	0.068609	0.0	[15.0, 14.0, 13.0, 12.0, 11.0]	[0.011391, 0.020669, 0.023957, 0.054465, 0.068377]	[43.333333, 28.15735, 22.144522, 12.5, 0.0]	[133, 234, 282, 593, 1124]
../output/wireless-3-1200/sdrdp_wireless_50_0.2_9.txt.out	11	0.106552	0.0	[13.0, 12.0, 11.0]	[0.01148, 0.033891, 0.104452]	[50.961538, 26.183013, 10.38961]	[176, 331, 1169]
../output/wireless-3-1200/sdrdp_wireless_80_0.05_0.txt.out	115	0.011382	0.0	[116.0]	[0.010321]	[1.149425]	[18]
../output/wireless-3-1200/sdrdp_wireless_80_0.05_1.txt.out	110	0.011337	0.0	[110.0]	[0.009505]	[1.363636]	[21]
../output/wireless-3-1200/sdrdp_wireless_80_0.05_2.txt.out	125	0.008951	0.0	[]	[]	[]	[]
../output/wireless-3-1200/sdrdp_wireless_80_0.05_3.txt.out	130	0.009288	0.0	[130.0]	[0.008955]	[0.769231]	[8]
../output/wireless-3-1200/sdrdp_wireless_80_0.05_4.txt.out	112	0.011541	0.0	[113.0]	[0.010496]	[1.179941]	[18]
../output/wireless-3-1200/sdrdp_wireless_80_0.05_5.txt.out	124	0.011217	0.0	[125.0]	[0.009813]	[1.4]	[17]
../output/wireless-3-1200/sdrdp_wireless_80_0.05_6.txt.out	120	0.00939	0.0	[]	[]	[]	[]
../output/wireless-3-1200/sdrdp_wireless_80_0.05_7.txt.out	127	0.010599	0.0	[128.0]	[0.009468]	[1.041667]	[14]
../output/wireless-3-1200/sdrdp_wireless_80_0.05_8.txt.out	108	0.011958	0.0	[109.0]	[0.010871]	[1.223242]	[14]
../output/wireless-3-1200/sdrdp_wireless_80_0.05_9.txt.out	108	0.012744	0.0	[108.0]	[0.01178]	[0.925926]	[11]
../output/wireless-3-1200/sdrdp_wireless_80_0.15_0.txt.out	21	0.186275	0.0	[27.0, 22.0, 21.0]	[0.015278, 0.024206, 0.056791]	[38.888889, 20.833333, 9.52381]	[249, 330, 555]
../output/wireless-3-1200/sdrdp_wireless_80_0.15_1.txt.out	21	0.103577	0.0	[25.0, 22.0]	[0.023704, 0.087405]	[36.0, 6.060606]	[115, 791]
../output/wireless-3-1200/sdrdp_wireless_80_0.15_2.txt.out	23	0.35527	0.0	[34.0, 24.0, 23.0]	[0.015001, 0.030683, 0.307055]	[51.764706, 26.649306, 7.527724]	[207, 302, 2681]
../output/wireless-3-1200/sdrdp_wireless_80_0.15_3.txt.out	26	1.10104	0.0	[31.0, 27.0, 26.0]	[0.018125, 0.06594, 0.642709]	[37.096774, 20.536943, 8.019943]	[188, 523, 15155]
../output/wireless-3-1200/sdrdp_wireless_80_0.15_4.txt.out	17	0.523325	0.0	[24.0, 21.0, 20.0, 19.0, 18.0, 17.0]	[0.015884, 0.038615, 0.093167, 0.27915, 0.313826, 0.523028]	[52.083333, 36.507937, 26.499387, 16.488615, 11.395202, 0.0]	[203, 358, 891, 1560, 2622, 9351]
../output/wireless-3-1200/sdrdp_wireless_80_0.15_5.txt.out	19	0.061718	0.0	[25.0, 19.0]	[0.024952, 0.032989]	[29.0, 5.263158]	[146, 176]
../output/wireless-3-1200/sdrdp_wireless_80_0.15_6.txt.out	23	0.323175	0.0	[30.0, 27.0, 25.0, 23.0]	[0.014469, 0.046986, 0.094136, 0.322886]	[42.5, 28.324916, 19.088297, 0.0]	[212, 397, 783, 2935]
../output/wireless-3-1200/sdrdp_wireless_80_0.15_7.txt.out	15	0.040017	0.0	[20.0, 15.0]	[0.028784, 0.035948]	[36.25, 9.366391]	[121, 163]
../output/wireless-3-1200/sdrdp_wireless_80_0.15_8.txt.out	19	0.090254	0.0	[28.0, 20.0, 19.0]	[0.017134, 0.035291, 0.061899]	[52.678571, 19.937972, 10.070797]	[195, 356, 592]
../output/wireless-3-1200/sdrdp_wireless_80_0.15_9.txt.out	21	0.370384	0.0	[27.0, 26.0, 24.0, 22.0, 21.0]	[0.015609, 0.046821, 0.157238, 0.166147, 0.368303]	[41.358025, 32.148968, 19.5871, 12.013207, 4.775641]	[213, 369, 1154, 1200, 3025]
../output/wireless-3-1200/sdrdp_wireless_80_0.1_0.txt.out	54	0.033803	0.0	[58.0, 55.0, 54.0]	[0.016775, 0.027397, 0.033591]	[10.727969, 4.545455, 0.0]	[84, 180, 308]
../output/wireless-3-1200/sdrdp_wireless_80_0.1_1.txt.out	40	0.05208	0.0	[40.0]	[0.017054]	[10.0]	[55]
../output/wireless-3-1200/sdrdp_wireless_80_0.1_2.txt.out	50	0.016402	0.0	[]	[]	[]	[]
../output/wireless-3-1200/sdrdp_wireless_80_0.1_3.txt.out	54	0.03095	0.0	[55.0, 54.0]	[0.017378, 0.020799]	[6.363636, 3.703704]	[38, 80]
../output/wireless-3-1200/sdrdp_wireless_80_0.1_4.txt.out	41	0.0212	0.0	[41.0]	[0.018294]	[3.658537]	[68]
../output/wireless-3-1200/sdrdp_wireless_80_0.1_5.txt.out	55	0.031081	0.0	[58.0, 55.0]	[0.023389, 0.026476]	[8.577586, 2.727273]	[78, 91]
../output/wireless-3-1200/sdrdp_wireless_80_0.1_6.txt.out	48	0.02276	0.0	[51.0, 50.0]	[0.018711, 0.020155]	[9.803922, 6.444444]	[47, 91]
../output/wireless-3-1200/sdrdp_wireless_80_0.1_7.txt.out	44	0.025804	0.0	[47.0, 44.0]	[0.020117, 0.022021]	[8.510638, 2.272727]	[37, 52]
../output/wireless-3-1200/sdrdp_wireless_80_0.1_8.txt.out	65	0.032816	0.0	[66.0, 65.0]	[0.0239, 0.026678]	[3.787879, 1.538462]	[40, 60]
../output/wireless-3-1200/sdrdp_wireless_80_0.1_9.txt.out	43	0.022601	0.0	[44.0, 43.0]	[0.016525, 0.020814]	[7.386364, 3.059976]	[49, 88]
../output/wireless-3-1200/sdrdp_wireless_80_0.2_0.txt.out	11	5.78524	0.0	[22.0, 17.0, 16.0, 15.0, 14.0, 13.0, 12.0, 11.0]	[0.020257, 0.064622, 0.394131, 0.411194, 0.561901, 0.606158, 3.128049, 3.128763]	[71.784922, 58.863317, 52.036456, 48.838886, 44.198359, 39.719926, 29.322162, 22.896905]	[306, 558, 2599, 3143, 6456, 8006, 44246, 44254]
../output/wireless-3-1200/sdrdp_wireless_80_0.2_1.txt.out	9	0.098943	0.0	[18.0, 12.0, 9.0]	[0.017728, 0.038691, 0.076305]	[61.111111, 41.666667, 22.222222]	[205, 326, 424]
../output/wireless-3-1200/sdrdp_wireless_80_0.2_2.txt.out	6	0.398796	0.0	[10.0, 8.0, 7.0, 6.0]	[0.020444, 0.168758, 0.183733, 0.398549]	[70.0, 36.530172, 27.463054, 0.0]	[270, 1594, 2065, 9216]
../output/wireless-3-1200/sdrdp_wireless_80_0.2_3.txt.out	12	0.680271	0.0	[19.0, 17.0, 16.0, 14.0, 13.0, 12.0]	[0.018182, 0.055117, 0.368507, 0.435091, 0.523198, 0.646703]	[60.150376, 50.980392, 35.685241, 25.660136, 19.396765, 10.675883]	[221, 425, 1686, 3368, 5746, 9957]
../output/wireless-3-1200/sdrdp_wireless_80_0.2_4.txt.out	9	0.091385	0.0	[11.0, 10.0, 9.0]	[0.017249, 0.079906, 0.087034]	[30.30303, 20.0, 11.111111]	[159, 482, 723]
../output/wireless-3-1200/sdrdp_wireless_80_0.2_5.txt.out	11	2.38925	0.0	[19.0, 16.0, 14.0, 13.0, 12.0, 11.0]	[0.020109, 0.089886, 0.155567, 0.212003, 0.249262, 2.388878]	[60.902256, 44.503651, 35.269873, 30.176012, 23.374074, 0.0]	[248, 759, 1074, 1135, 2430, 34479]
../output/wireless-3-1200/sdrdp_wireless_80_0.2_6.txt.out	7	0.568088	0.0	[17.0, 14.0, 9.0, 8.0, 7.0]	[0.020621, 0.078155, 0.087036, 0.330084, 0.567818]	[76.470588, 69.798658, 50.355224, 28.509506, 0.0]	[283, 601, 666, 2081, 10446]
../output/wireless-3-1200/sdrdp_wireless_80_0.2_7.txt.out	7	0.277674	0.0	[11.0, 10.0, 8.0, 7.0]	[0.01983, 0.069587, 0.174371, 0.205561]	[72.727273, 58.994298, 36.078299, 26.946627]	[207, 550, 1009, 1009]
../output/wireless-3-1200/sdrdp_wireless_80_0.2_8.txt.out	9	0.346025	0.0	[17.0, 13.0, 12.0, 10.0, 9.0]	[0.022442, 0.054783, 0.196021, 0.257029, 0.345715]	[62.5, 46.573427, 36.507937, 23.024256, 0.0]	[345, 433, 1069, 1514, 4437]
../output/wireless-3-1200/sdrdp_wireless_80_0.2_9.txt.out	11	1.23945	0.0	[16.0, 12.0, 11.0]	[0.019287, 0.159841, 0.267648]	[59.375, 33.10135, 25.80294]	[264, 1005, 2794]
